company_id,fiscal_year,operating_activity,investing_activity,financing_activity,net_cash_flow,free_cash_flow
TCS,,11615.0,-6038.0,-5729.0,-152.0,17653.0
TCS,,14751.0,-9452.0,-5673.0,-374.0,24203.0
TCS,,19369.0,-1807.0,-17168.0,394.0,21176.0
TCS,,19109.0,-5010.0,-9666.0,4433.0,24119.0
TCS,,25223.0,-16895.0,-11026.0,-2698.0,42118.0
TCS,,25067.0,3104.0,-26885.0,1286.0,21963.0
TCS,,28593.0,1645.0,-27897.0,2341.0,26948.0
TCS,,32369.0,8968.0,-39915.0,1422.0,23401.0
TCS,,38802.0,-7956.0,-32634.0,-1788.0,46758.0
TCS,,39949.0,-738.0,-33581.0,5630.0,40687.0
TCS,,41965.0,548.0,-47878.0,-5365.0,41417.0
TCS,,44338.0,6091.0,-48536.0,1893.0,38247.0
ABB,2012.0,101.0,-59.0,-42.0,1.0,160.0
ABB,2014.0,155.0,-144.0,-42.0,-31.0,299.0
ABB,2015.0,215.0,-187.0,-58.0,-30.0,402.0
ABB,2016.0,249.0,-77.0,-80.0,91.0,326.0
ABB,2017.0,307.0,-155.0,-90.0,62.0,462.0
ABB,2018.0,153.0,-215.0,-102.0,-165.0,368.0
ABB,2019.0,499.0,-257.0,-143.0,99.0,756.0
ABB,2020.0,626.0,-401.0,-217.0,8.0,1027.0
ABB,2021.0,727.0,-72.0,-582.0,73.0,799.0
ABB,2022.0,948.0,-396.0,-637.0,-86.0,1344.0
ABB,2023.0,893.0,-148.0,-639.0,107.0,1041.0
ABB,2024.0,1213.0,-416.0,-745.0,52.0,1629.0
ABB,2014.0,0.0,0.0,0.0,0.0,0.0
ABB,2015.0,-35.0,-1864.0,1902.0,3.0,1829.0
ABB,2016.0,1544.0,-816.0,-722.0,6.0,2360.0
ABB,2017.0,2189.0,-1730.0,-455.0,4.0,3919.0
ABB,2018.0,2198.0,-3192.0,1589.0,596.0,5390.0
ABB,2019.0,2591.0,-3050.0,38.0,-421.0,5641.0
ABB,2020.0,5437.0,-5643.0,1250.0,1045.0,11080.0
ABB,2021.0,3784.0,-4009.0,-745.0,-969.0,7793.0
ABB,2022.0,4097.0,-3936.0,-235.0,-75.0,8033.0
ABB,2023.0,3777.0,-4699.0,923.0,2.0,8476.0
ABB,2024.0,6038.0,-4943.0,-543.0,551.0,10981.0
ADANIENSOL,2014.0,0.0,0.0,0.0,0.0,0.0
ADANIENSOL,2015.0,-35.0,-1864.0,1902.0,3.0,1829.0
ADANIENSOL,2016.0,1544.0,-816.0,-722.0,6.0,2360.0
ADANIENSOL,2017.0,2189.0,-1730.0,-455.0,4.0,3919.0
ADANIENSOL,2018.0,2198.0,-3192.0,1589.0,596.0,5390.0
ADANIENSOL,2019.0,2591.0,-3050.0,38.0,-421.0,5641.0
ADANIENSOL,2020.0,5437.0,-5643.0,1250.0,1045.0,11080.0
ADANIENSOL,2021.0,3784.0,-4009.0,-745.0,-969.0,7793.0
ADANIENSOL,2022.0,4097.0,-3936.0,-235.0,-75.0,8033.0
ADANIENSOL,2023.0,3777.0,-4699.0,923.0,2.0,8476.0
ADANIENSOL,2024.0,6038.0,-4943.0,-543.0,551.0,10981.0
ADANIENT,2013.0,7666.0,-14790.0,7199.0,75.0,22456.0
ADANIENT,2014.0,8228.0,-8007.0,-1109.0,-888.0,16235.0
ADANIENT,2015.0,8532.0,-11465.0,3445.0,512.0,19997.0
ADANIENT,2016.0,5112.0,-1825.0,-3448.0,-161.0,6937.0
ADANIENT,2017.0,774.0,-1460.0,716.0,30.0,2234.0
ADANIENT,2018.0,2942.0,-7649.0,5120.0,413.0,10591.0
ADANIENT,2019.0,3236.0,2487.0,-6158.0,-436.0,749.0
ADANIENT,2020.0,2454.0,-1082.0,-221.0,1151.0,3536.0
ADANIENT,2021.0,4043.0,-8611.0,3109.0,-1459.0,12654.0
ADANIENT,2022.0,1385.0,-17041.0,15901.0,246.0,18426.0
ADANIENT,2023.0,17626.0,-15459.0,-1198.0,970.0,33085.0
ADANIENT,2024.0,10312.0,-18767.0,8879.0,424.0,29079.0
ADANIGREEN,2017.0,28.0,-1511.0,1559.0,76.0,1539.0
ADANIGREEN,2018.0,649.0,-4428.0,3942.0,162.0,5077.0
ADANIGREEN,2019.0,1625.0,-2666.0,1045.0,3.0,4291.0
ADANIGREEN,2020.0,1965.0,-3743.0,2161.0,383.0,5708.0
ADANIGREEN,2021.0,1601.0,-9137.0,7083.0,-453.0,10738.0
ADANIGREEN,2022.0,3127.0,-18730.0,15986.0,383.0,21857.0
ADANIGREEN,2023.0,7265.0,-3857.0,-2973.0,435.0,11122.0
ADANIGREEN,2024.0,7713.0,-21060.0,13953.0,606.0,28773.0
ADANIPORTS,2013.0,1379.0,-5136.0,4138.0,381.0,6515.0
ADANIPORTS,2014.0,1132.0,-2510.0,772.0,-606.0,3642.0
ADANIPORTS,2015.0,3057.0,-2485.0,-237.0,335.0,5542.0
ADANIPORTS,2016.0,2381.0,-4153.0,2170.0,398.0,6534.0
ADANIPORTS,2017.0,4063.0,-2629.0,-1325.0,109.0,6692.0
ADANIPORTS,2018.0,5608.0,-3846.0,-1889.0,-127.0,9454.0
ADANIPORTS,2019.0,6029.0,-4368.0,2313.0,3975.0,10397.0
ADANIPORTS,2020.0,7402.0,-749.0,-4256.0,2397.0,8151.0
ADANIPORTS,2021.0,7556.0,-14064.0,3514.0,-2994.0,21620.0
ADANIPORTS,2022.0,10420.0,-5493.0,-586.0,4341.0,15913.0
ADANIPORTS,2023.0,11900.0,-16716.0,-2734.0,-7550.0,28616.0
ADANIPORTS,2024.0,15018.0,-6768.0,-7800.0,450.0,21786.0
ADANIPOWER,2013.0,3001.0,-4064.0,861.0,-203.0,7065.0
ADANIPOWER,2014.0,3238.0,-4700.0,1631.0,169.0,7938.0
ADANIPOWER,2015.0,5824.0,-4737.0,-1144.0,-58.0,10561.0
ADANIPOWER,2016.0,5257.0,-2692.0,-2713.0,-148.0,7949.0
ADANIPOWER,2017.0,4725.0,-1212.0,-3539.0,-26.0,5937.0
ADANIPOWER,2018.0,5101.0,-520.0,-4600.0,-19.0,5621.0
ADANIPOWER,2019.0,5610.0,-984.0,-4663.0,-37.0,6594.0
ADANIPOWER,2020.0,5598.0,-2304.0,-2377.0,917.0,7902.0
ADANIPOWER,2021.0,7014.0,-2188.0,-5655.0,-828.0,9202.0
ADANIPOWER,2022.0,10233.0,774.0,-10338.0,669.0,9459.0
ADANIPOWER,2023.0,8431.0,1545.0,-10408.0,-433.0,6886.0
ADANIPOWER,2024.0,14170.0,3481.0,-16864.0,787.0,10689.0
AMBUJACEM,2012.0,1860.0,-388.0,-509.0,962.0,2248.0
AMBUJACEM,2013.0,1267.0,-496.0,-672.0,99.0,1763.0
AMBUJACEM,2014.0,1675.0,-456.0,-721.0,498.0,2131.0
AMBUJACEM,2015.0,1557.0,-83.0,-900.0,574.0,1640.0
AMBUJACEM,2016.0,2810.0,-4165.0,-958.0,-2312.0,6975.0
AMBUJACEM,2017.0,3416.0,-738.0,-1015.0,1663.0,4154.0
AMBUJACEM,2018.0,1703.0,-765.0,-719.0,220.0,2468.0
AMBUJACEM,2019.0,4739.0,-1191.0,-629.0,2919.0,5930.0
AMBUJACEM,2020.0,4832.0,-1317.0,-3956.0,-441.0,6149.0
AMBUJACEM,2021.0,5309.0,-2007.0,-516.0,2786.0,7316.0
AMBUJACEM,2023.0,735.0,-14481.0,2931.0,-10815.0,15216.0
AMBUJACEM,2024.0,5646.0,-8941.0,5689.0,2394.0,14587.0
APOLLOHOSP,2013.0,443.0,-733.0,373.0,83.0,1176.0
APOLLOHOSP,2014.0,373.0,-356.0,-63.0,-46.0,729.0
APOLLOHOSP,2015.0,470.0,-759.0,392.0,103.0,1229.0
APOLLOHOSP,2016.0,597.0,-888.0,330.0,39.0,1485.0
APOLLOHOSP,2017.0,623.0,-1152.0,477.0,-52.0,1775.0
APOLLOHOSP,2018.0,537.0,-405.0,-108.0,24.0,942.0
APOLLOHOSP,2019.0,905.0,-711.0,-215.0,-20.0,1616.0
APOLLOHOSP,2020.0,1293.0,-289.0,-910.0,94.0,1582.0
APOLLOHOSP,2021.0,1265.0,-880.0,-340.0,44.0,2145.0
APOLLOHOSP,2022.0,1696.0,-747.0,-792.0,158.0,2443.0
APOLLOHOSP,2023.0,1377.0,-857.0,-633.0,-113.0,2234.0
APOLLOHOSP,2024.0,1920.0,-1537.0,-311.0,72.0,3457.0
ASIANPAINT,2013.0,1187.0,-463.0,-601.0,123.0,1650.0
ASIANPAINT,2014.0,1402.0,-586.0,-626.0,190.0,1988.0
ASIANPAINT,2015.0,1188.0,-465.0,-576.0,147.0,1653.0
ASIANPAINT,2016.0,2243.0,-866.0,-849.0,528.0,3109.0
ASIANPAINT,2017.0,1527.0,-681.0,-756.0,90.0,2208.0
ASIANPAINT,2018.0,2113.0,-1556.0,-1379.0,-822.0,3669.0
ASIANPAINT,2019.0,2470.0,-918.0,-1117.0,434.0,3388.0
ASIANPAINT,2020.0,3038.0,-518.0,-2871.0,-351.0,3556.0
ASIANPAINT,2021.0,3683.0,-541.0,-650.0,2492.0,4224.0
ASIANPAINT,2022.0,986.0,-317.0,-1808.0,-1138.0,1303.0
ASIANPAINT,2023.0,4193.0,-1282.0,-2140.0,771.0,5475.0
ASIANPAINT,2024.0,6104.0,-2548.0,-2982.0,573.0,8652.0
AGTL,2018.0,277.0,-988.0,779.0,68.0,1265.0
AGTL,2019.0,356.0,791.0,-1077.0,70.0,-435.0
AGTL,2020.0,492.0,-461.0,-102.0,-71.0,953.0
AGTL,2021.0,654.0,-770.0,39.0,-78.0,1424.0
AGTL,2022.0,732.0,-1133.0,422.0,21.0,1865.0
AGTL,2023.0,853.0,-1167.0,295.0,-19.0,2020.0
AGTL,2024.0,955.0,-752.0,-78.0,125.0,1707.0
AXISBANK,2013.0,2573.0,-10939.0,14931.0,6566.0,13512.0
AXISBANK,2014.0,14464.0,-14166.0,7785.0,8082.0,28630.0
AXISBANK,2015.0,-15162.0,-7972.0,31045.0,7910.0,-7190.0
AXISBANK,2016.0,-34495.0,9211.0,22495.0,-2789.0,-43706.0
AXISBANK,2017.0,32209.0,-12458.0,-2487.0,17263.0,44667.0
AXISBANK,2018.0,-38390.0,-10007.0,41342.0,-7055.0,-28383.0
AXISBANK,2019.0,37125.0,-18674.0,5643.0,24094.0,55799.0
AXISBANK,2020.0,30416.0,-9485.0,8865.0,29795.0,39901.0
AXISBANK,2021.0,12633.0,-54288.0,7279.0,-34375.0,66921.0
AXISBANK,2022.0,28137.0,-27112.0,47894.0,48919.0,55249.0
AXISBANK,2023.0,22075.0,-32351.0,6641.0,-3636.0,54426.0
AXISBANK,2024.0,-5555.0,-9001.0,22341.0,7785.0,3446.0
BAJAJ-AUTO,2013.0,2218.0,-1394.0,-1445.0,-621.0,3612.0
BAJAJ-AUTO,2014.0,3502.0,-2072.0,-1496.0,-66.0,5574.0
BAJAJ-AUTO,2015.0,2114.0,-380.0,-1644.0,90.0,2494.0
BAJAJ-AUTO,2016.0,3690.0,-68.0,-3384.0,238.0,3758.0
BAJAJ-AUTO,2017.0,3267.0,-3610.0,-190.0,-532.0,6877.0
BAJAJ-AUTO,2018.0,4328.0,-1954.0,-1885.0,488.0,6282.0
BAJAJ-AUTO,2019.0,2487.0,-273.0,-2074.0,140.0,2760.0
BAJAJ-AUTO,2020.0,3850.0,1766.0,-6247.0,-630.0,2084.0
BAJAJ-AUTO,2021.0,3120.0,-2869.0,-20.0,231.0,5989.0
BAJAJ-AUTO,2022.0,4197.0,276.0,-4056.0,417.0,3921.0
BAJAJ-AUTO,2023.0,5277.0,1211.0,-7181.0,-692.0,4066.0
BAJAJ-AUTO,2024.0,6558.0,-72.0,-6167.0,319.0,6630.0
BAJAJ-AUTO,2013.0,2218.0,-1394.0,-1445.0,-621.0,3612.0
BAJAJ-AUTO,2014.0,3502.0,-2072.0,-1496.0,-66.0,5574.0
BAJAJ-AUTO,2015.0,2114.0,-380.0,-1644.0,90.0,2494.0
BAJAJ-AUTO,2016.0,3690.0,-68.0,-3384.0,238.0,3758.0
BAJAJ-AUTO,2017.0,3267.0,-3610.0,-190.0,-532.0,6877.0
BAJAJ-AUTO,2018.0,4328.0,-1954.0,-1885.0,488.0,6282.0
BAJAJ-AUTO,2019.0,2487.0,-273.0,-2074.0,140.0,2760.0
BAJAJ-AUTO,2020.0,3850.0,1766.0,-6247.0,-630.0,2084.0
BAJAJ-AUTO,2021.0,3120.0,-2869.0,-20.0,231.0,5989.0
BAJAJ-AUTO,2022.0,4197.0,276.0,-4056.0,417.0,3921.0
BAJAJ-AUTO,2023.0,5277.0,1211.0,-7181.0,-692.0,4066.0
BAJAJ-AUTO,2024.0,6558.0,-72.0,-6167.0,319.0,6630.0
BAJAJFINSV,2013.0,-6922.0,2953.0,4592.0,623.0,-9875.0
BAJAJFINSV,2014.0,-9807.0,3764.0,6521.0,478.0,-13571.0
BAJAJFINSV,2015.0,-10731.0,3709.0,6839.0,-183.0,-14440.0
BAJAJFINSV,2016.0,-9795.0,-886.0,11602.0,921.0,-8909.0
BAJAJFINSV,2017.0,-10922.0,151.0,12513.0,1742.0,-11073.0
BAJAJFINSV,2018.0,-19580.0,-922.0,19590.0,-911.0,-18658.0
BAJAJFINSV,2019.0,-27076.0,-6903.0,34535.0,555.0,-20173.0
BAJAJFINSV,2020.0,-23369.0,-9948.0,34479.0,1162.0,-13421.0
BAJAJFINSV,2021.0,4547.0,-3684.0,1687.0,2551.0,8231.0
BAJAJFINSV,2022.0,-33670.0,1445.0,32326.0,101.0,-35115.0
BAJAJFINSV,2023.0,-39480.0,-13945.0,51016.0,-2409.0,-25535.0
BAJAJFINSV,2024.0,-68674.0,-10960.0,82709.0,3075.0,-57714.0
BAJAJHLDNG,2013.0,473.0,-369.0,-332.0,-228.0,842.0
BAJAJHLDNG,2014.0,872.0,-519.0,-326.0,27.0,1391.0
BAJAJHLDNG,2015.0,796.0,-464.0,-391.0,-59.0,1260.0
BAJAJHLDNG,2016.0,1147.0,1019.0,-761.0,1406.0,128.0
BAJAJHLDNG,2017.0,-923.0,-372.0,-110.0,-1406.0,-551.0
BAJAJHLDNG,2018.0,1631.0,-1123.0,-434.0,74.0,2754.0
BAJAJHLDNG,2019.0,628.0,-163.0,-536.0,-72.0,791.0
BAJAJHLDNG,2020.0,1920.0,-800.0,-1028.0,92.0,2720.0
BAJAJHLDNG,2021.0,272.0,-308.0,-37.0,-73.0,580.0
BAJAJHLDNG,2022.0,1610.0,-151.0,-1460.0,-1.0,1761.0
BAJAJHLDNG,2023.0,1728.0,-137.0,-1587.0,4.0,1865.0
BAJAJHLDNG,2024.0,1941.0,-472.0,-1455.0,14.0,2413.0
BAJFINANCE,2015.0,-7064.0,-360.0,6867.0,-557.0,-6704.0
BAJFINANCE,2016.0,-9870.0,-687.0,11656.0,1100.0,-9183.0
BAJFINANCE,2017.0,-10439.0,-3047.0,12513.0,-972.0,-7392.0
BAJFINANCE,2018.0,-20566.0,1075.0,19503.0,13.0,-21641.0
BAJFINANCE,2019.0,-29062.0,-5379.0,34449.0,9.0,-23683.0
BAJFINANCE,2020.0,-24412.0,-8758.0,34167.0,998.0,-15654.0
BAJFINANCE,2021.0,-807.0,-429.0,1741.0,505.0,-378.0
BAJFINANCE,2022.0,-37090.0,6347.0,32275.0,1532.0,-43437.0
BAJFINANCE,2023.0,-42112.0,-10394.0,50675.0,-1831.0,-31718.0
BAJFINANCE,2024.0,-72760.0,-7171.0,82415.0,2484.0,-65589.0
BANKBARODA,2013.0,23196.0,-514.0,-790.0,21892.0,23710.0
BANKBARODA,2014.0,42233.0,-730.0,5151.0,46654.0,42963.0
BANKBARODA,2015.0,17838.0,-556.0,-6.0,17276.0,18394.0
BANKBARODA,2016.0,-10011.0,-4005.0,-616.0,-14632.0,-6006.0
BANKBARODA,2017.0,17865.0,-551.0,-198.0,17116.0,18416.0
BANKBARODA,2018.0,-59692.0,-414.0,3413.0,-56692.0,-59278.0
BANKBARODA,2019.0,-1449.0,-2537.0,4449.0,462.0,1088.0
BANKBARODA,2020.0,18531.0,-139.0,14729.0,33120.0,18670.0
BANKBARODA,2021.0,-887.0,-471.0,-986.0,-2344.0,-416.0
BANKBARODA,2022.0,6210.0,-3645.0,-998.0,1567.0,9855.0
BANKBARODA,2023.0,-21354.0,-1096.0,-5405.0,-27855.0,-20258.0
BANKBARODA,2024.0,-6274.0,-1285.0,5476.0,-2084.0,-4989.0
BEL,2013.0,-1539.0,1753.0,-158.0,56.0,-3292.0
BEL,2014.0,-569.0,759.0,-213.0,-23.0,-1328.0
BEL,2015.0,1434.0,-839.0,-209.0,386.0,2273.0
BEL,2016.0,2260.0,-1470.0,-318.0,472.0,3730.0
BEL,2017.0,-61.0,3115.0,-2857.0,197.0,-3176.0
BEL,2018.0,-687.0,-6.0,-1202.0,-1895.0,-681.0
BEL,2019.0,1514.0,-896.0,-663.0,-45.0,2410.0
BEL,2020.0,2570.0,-649.0,-1061.0,861.0,3219.0
BEL,2021.0,5093.0,-2595.0,-1076.0,1422.0,7688.0
BEL,2022.0,4207.0,-4872.0,-1078.0,-1742.0,9079.0
BEL,2023.0,1199.0,2708.0,-1262.0,2645.0,-1509.0
BEL,2024.0,4659.0,-5924.0,-1475.0,-2739.0,10583.0
BHARTIARTL,2013.0,22608.0,-18676.0,-4566.0,-634.0,41284.0
BHARTIARTL,2014.0,26233.0,-25181.0,2774.0,3826.0,51414.0
BHARTIARTL,2015.0,28059.0,-22301.0,-9672.0,-3914.0,50360.0
BHARTIARTL,2016.0,27942.0,-14091.0,-11946.0,1905.0,42033.0
BHARTIARTL,2017.0,28280.0,-30680.0,-351.0,-2752.0,58960.0
BHARTIARTL,2018.0,29854.0,-27940.0,1920.0,3835.0,57794.0
BHARTIARTL,2019.0,20070.0,-28286.0,9464.0,1248.0,48356.0
BHARTIARTL,2020.0,18129.0,-29598.0,19144.0,7675.0,47727.0
BHARTIARTL,2021.0,48205.0,-27286.0,-24910.0,-3991.0,75491.0
BHARTIARTL,2022.0,55017.0,-41478.0,-15203.0,-1664.0,96495.0
BHARTIARTL,2023.0,65325.0,-39232.0,-24470.0,1623.0,104557.0
BHARTIARTL,2024.0,78898.0,-51089.0,-27778.0,31.0,129987.0
BHEL,2013.0,1759.0,-1113.0,472.0,1118.0,2872.0
BHEL,2014.0,4512.0,-868.0,523.0,4167.0,5380.0
BHEL,2015.0,821.0,650.0,-3543.0,-2071.0,171.0
BHEL,2016.0,374.0,23.0,-122.0,275.0,351.0
BHEL,2017.0,560.0,-565.0,-468.0,-473.0,1125.0
BHEL,2018.0,989.0,961.0,-667.0,1283.0,28.0
BHEL,2019.0,-3860.0,1919.0,-32.0,-1973.0,-5779.0
BHEL,2020.0,-2892.0,1877.0,1622.0,608.0,-4769.0
BHEL,2021.0,560.0,-42.0,-394.0,123.0,602.0
BHEL,2022.0,660.0,-1118.0,-329.0,-787.0,1778.0
BHEL,2023.0,-741.0,1480.0,89.0,829.0,-2221.0
BHEL,2024.0,-3713.0,1331.0,2656.0,274.0,-5044.0
BOSCHLTD,2012.0,871.0,-824.0,-156.0,-108.0,1695.0
BOSCHLTD,2013.0,1057.0,-846.0,-238.0,-27.0,1903.0
BOSCHLTD,2015.0,1396.0,-1183.0,-237.0,-24.0,2579.0
BOSCHLTD,2016.0,1318.0,-995.0,-356.0,-33.0,2313.0
BOSCHLTD,2017.0,1457.0,1246.0,-2670.0,33.0,211.0
BOSCHLTD,2018.0,1729.0,-1170.0,-325.0,234.0,2899.0
BOSCHLTD,2019.0,593.0,1766.0,-2531.0,-172.0,-1173.0
BOSCHLTD,2020.0,1336.0,-873.0,-399.0,64.0,2209.0
BOSCHLTD,2021.0,835.0,-463.0,-338.0,34.0,1298.0
BOSCHLTD,2022.0,271.0,-33.0,-383.0,-146.0,304.0
BOSCHLTD,2023.0,1214.0,262.0,-1239.0,236.0,952.0
BOSCHLTD,2024.0,1253.0,283.0,-1452.0,84.0,970.0
BPCL,2013.0,5926.0,-3604.0,-846.0,1476.0,9530.0
BPCL,2014.0,9588.0,-6881.0,-3736.0,-1029.0,16469.0
BPCL,2015.0,20742.0,-10536.0,-9792.0,414.0,31278.0
BPCL,2016.0,11119.0,-9233.0,-1332.0,555.0,20352.0
BPCL,2017.0,9041.0,-15274.0,4804.0,-1429.0,24315.0
BPCL,2018.0,11068.0,-7066.0,-4218.0,-215.0,18134.0
BPCL,2019.0,10157.0,-10451.0,207.0,-87.0,20608.0
BPCL,2020.0,7881.0,-11135.0,3583.0,329.0,19016.0
BPCL,2021.0,23455.0,-2474.0,-13981.0,7000.0,25929.0
BPCL,2022.0,20336.0,-8138.0,-17672.0,-5474.0,28474.0
BPCL,2023.0,12466.0,-7806.0,-4402.0,257.0,20272.0
BPCL,2024.0,35936.0,-10521.0,-25427.0,-12.0,46457.0
BRITANNIA,2013.0,320.0,28.0,-378.0,-30.0,292.0
BRITANNIA,2014.0,671.0,-246.0,-357.0,68.0,917.0
BRITANNIA,2015.0,584.0,-450.0,-181.0,-47.0,1034.0
BRITANNIA,2016.0,959.0,-705.0,-246.0,8.0,1664.0
BRITANNIA,2017.0,441.0,-150.0,-295.0,-4.0,591.0
BRITANNIA,2018.0,1249.0,-957.0,-232.0,60.0,2206.0
BRITANNIA,2019.0,1156.0,-852.0,-353.0,-49.0,2008.0
BRITANNIA,2020.0,1485.0,-1526.0,58.0,17.0,3011.0
BRITANNIA,2021.0,1876.0,433.0,-2242.0,66.0,1443.0
BRITANNIA,2022.0,1300.0,914.0,-2246.0,-32.0,386.0
BRITANNIA,2023.0,2526.0,-1507.0,-1028.0,-9.0,4033.0
BRITANNIA,2024.0,2573.0,477.0,-2830.0,219.0,2096.0
CANBK,2013.0,8010.0,-435.0,-1043.0,6532.0,8445.0
CANBK,2014.0,14244.0,-380.0,-3771.0,10092.0,14624.0
CANBK,2015.0,6344.0,-1104.0,-1464.0,3776.0,7448.0
CANBK,2016.0,9346.0,-443.0,-806.0,8096.0,9789.0
CANBK,2017.0,2575.0,-476.0,124.0,2224.0,3051.0
CANBK,2018.0,-11120.0,-487.0,2865.0,-8743.0,-10633.0
CANBK,2019.0,18237.0,-745.0,-1185.0,16307.0,18982.0
CANBK,2020.0,-5289.0,-445.0,7792.0,2059.0,-4844.0
CANBK,2021.0,59118.0,-1116.0,290.0,58291.0,60234.0
CANBK,2022.0,919.0,-1429.0,4035.0,3525.0,2348.0
CANBK,2023.0,-39978.0,-1156.0,445.0,-40689.0,-38822.0
CANBK,2024.0,15046.0,-1750.0,-3834.0,9462.0,16796.0
CHOLAFIN,2013.0,-3754.0,5.0,4067.0,317.0,-3759.0
CHOLAFIN,2014.0,-2447.0,-83.0,2749.0,219.0,-2364.0
CHOLAFIN,2015.0,-2264.0,-40.0,1819.0,-485.0,-2224.0
CHOLAFIN,2016.0,-2809.0,-137.0,3031.0,85.0,-2672.0
CHOLAFIN,2017.0,-1468.0,-222.0,1692.0,2.0,-1246.0
CHOLAFIN,2018.0,-7926.0,-60.0,8009.0,22.0,-7866.0
CHOLAFIN,2019.0,-9317.0,-11.0,12191.0,2862.0,-9306.0
CHOLAFIN,2020.0,-2075.0,-54.0,2452.0,323.0,-2021.0
CHOLAFIN,2021.0,-8848.0,-1746.0,8707.0,-1888.0,-7102.0
CHOLAFIN,2022.0,-5571.0,1640.0,5150.0,1218.0,-7211.0
CHOLAFIN,2023.0,-27105.0,-2148.0,27466.0,-1787.0,-24957.0
CHOLAFIN,2024.0,-35683.0,-2855.0,38471.0,-66.0,-32828.0
CIPLA,2013.0,1398.0,-2063.0,718.0,53.0,3461.0
CIPLA,2014.0,1563.0,-1265.0,-266.0,33.0,2828.0
CIPLA,2015.0,1173.0,-950.0,165.0,388.0,2123.0
CIPLA,2016.0,1741.0,-4533.0,3104.0,312.0,6274.0
CIPLA,2017.0,2382.0,-1304.0,-1326.0,-248.0,3686.0
CIPLA,2018.0,1463.0,-834.0,-385.0,243.0,2297.0
CIPLA,2019.0,1691.0,-1688.0,-349.0,-345.0,3379.0
CIPLA,2020.0,3068.0,114.0,-2949.0,234.0,2954.0
CIPLA,2021.0,3755.0,-2374.0,-1240.0,141.0,6129.0
CIPLA,2022.0,3326.0,-1858.0,-1600.0,-132.0,5184.0
CIPLA,2023.0,3238.0,-2376.0,-958.0,-97.0,5614.0
CIPLA,2024.0,4134.0,-2982.0,-1200.0,-49.0,7116.0
COALINDIA,2013.0,9109.0,-1833.0,-7852.0,-575.0,10942.0
COALINDIA,2014.0,14525.0,8580.0,-25350.0,-2246.0,5945.0
COALINDIA,2015.0,14382.0,894.0,-15026.0,250.0,13488.0
COALINDIA,2016.0,13154.0,8154.0,-19587.0,1721.0,5000.0
COALINDIA,2017.0,16461.0,455.0,-17598.0,-682.0,16006.0
COALINDIA,2018.0,21115.0,-7747.0,-13564.0,-196.0,28862.0
COALINDIA,2019.0,16356.0,-7896.0,-10885.0,-2426.0,24252.0
COALINDIA,2020.0,4977.0,1033.0,-4791.0,1219.0,3944.0
COALINDIA,2021.0,10592.0,182.0,-8453.0,2321.0,10410.0
COALINDIA,2022.0,41107.0,-25715.0,-13441.0,1951.0,66822.0
COALINDIA,2023.0,35734.0,-23465.0,-13704.0,-1436.0,59199.0
COALINDIA,2024.0,18103.0,-4486.0,-13899.0,-282.0,22589.0
DABUR,2013.0,870.0,-622.0,-234.0,13.0,1492.0
DABUR,2014.0,1098.0,-104.0,-804.0,190.0,1202.0
DABUR,2015.0,1047.0,-876.0,-417.0,-245.0,1923.0
DABUR,2016.0,1187.0,-730.0,-374.0,82.0,1917.0
DABUR,2017.0,1227.0,-807.0,-339.0,81.0,2034.0
DABUR,2018.0,1092.0,-541.0,-577.0,-27.0,1633.0
DABUR,2019.0,1499.0,338.0,-1888.0,-51.0,1161.0
DABUR,2020.0,1614.0,-517.0,-1043.0,54.0,2131.0
DABUR,2021.0,2115.0,-1404.0,-613.0,97.0,3519.0
DABUR,2022.0,1802.0,-1273.0,-490.0,38.0,3075.0
DABUR,2023.0,1488.0,-583.0,-1035.0,-130.0,2071.0
DABUR,2024.0,2013.0,-971.0,-1161.0,-119.0,2984.0
DIVISLAB,2013.0,480.0,-255.0,-231.0,-5.0,735.0
DIVISLAB,2014.0,557.0,-305.0,-248.0,3.0,862.0
DIVISLAB,2015.0,826.0,-521.0,-303.0,3.0,1347.0
DIVISLAB,2016.0,1038.0,-406.0,-631.0,0.0,1444.0
DIVISLAB,2017.0,1150.0,-1140.0,2.0,13.0,2290.0
DIVISLAB,2018.0,776.0,-478.0,-314.0,-17.0,1254.0
DIVISLAB,2019.0,954.0,-685.0,-246.0,23.0,1639.0
DIVISLAB,2020.0,1216.0,-83.0,-1091.0,41.0,1299.0
DIVISLAB,2021.0,1947.0,75.0,-35.0,1987.0,1872.0
DIVISLAB,2022.0,1912.0,-2195.0,-532.0,-816.0,4107.0
DIVISLAB,2023.0,2459.0,-2707.0,-797.0,-1045.0,5166.0
DIVISLAB,2024.0,1261.0,-269.0,-799.0,193.0,1530.0
DLF,2013.0,2009.0,1995.0,-3951.0,52.0,14.0
DLF,2014.0,1468.0,3924.0,-4532.0,860.0,-2456.0
DLF,2015.0,2037.0,98.0,-1547.0,588.0,1939.0
DLF,2016.0,2957.0,-818.0,-1929.0,210.0,3775.0
DLF,2017.0,-898.0,872.0,787.0,761.0,-1770.0
DLF,2018.0,270.0,-2102.0,-232.0,-2064.0,2372.0
DLF,2019.0,2043.0,3.0,875.0,2921.0,2040.0
DLF,2020.0,356.0,6508.0,-9522.0,-2658.0,-6152.0
DLF,2021.0,1460.0,150.0,-2184.0,-573.0,1310.0
DLF,2022.0,2832.0,267.0,-3828.0,-729.0,2565.0
DLF,2023.0,2375.0,-461.0,-2013.0,-98.0,2836.0
DLF,2024.0,2539.0,-1529.0,177.0,1186.0,4068.0
DMART,2013.0,127.0,-231.0,118.0,14.0,358.0
DMART,2014.0,198.0,-270.0,65.0,-7.0,468.0
DMART,2015.0,222.0,-474.0,234.0,-17.0,696.0
DMART,2016.0,433.0,-633.0,196.0,-3.0,1066.0
DMART,2017.0,455.0,-2482.0,2025.0,-1.0,2937.0
DMART,2018.0,730.0,464.0,-1159.0,34.0,266.0
DMART,2019.0,807.0,-958.0,209.0,57.0,1765.0
DMART,2020.0,1280.0,-4657.0,3357.0,-19.0,5937.0
DMART,2021.0,1375.0,-1110.0,-180.0,86.0,2485.0
DMART,2022.0,1372.0,-1289.0,-179.0,-96.0,2661.0
DMART,2023.0,2630.0,-2313.0,-205.0,112.0,4943.0
DMART,2024.0,2746.0,-2468.0,-148.0,130.0,5214.0
DRREDDY,2013.0,1378.0,-1437.0,-157.0,-216.0,2815.0
DRREDDY,2014.0,1970.0,-1604.0,-24.0,342.0,3574.0
DRREDDY,2015.0,2524.0,-2370.0,-433.0,-280.0,4894.0
DRREDDY,2016.0,3263.0,-1610.0,-1700.0,-47.0,4873.0
DRREDDY,2017.0,2144.0,-1890.0,-369.0,-114.0,4034.0
DRREDDY,2018.0,1803.0,-1483.0,-444.0,-124.0,3286.0
DRREDDY,2019.0,2870.0,-769.0,-2133.0,-31.0,3639.0
DRREDDY,2020.0,2984.0,-495.0,-2516.0,-27.0,3479.0
DRREDDY,2021.0,3570.0,-2255.0,-30.0,1286.0,5825.0
DRREDDY,2022.0,2811.0,-2565.0,-242.0,3.0,5376.0
DRREDDY,2023.0,5888.0,-4109.0,-2686.0,-907.0,9997.0
DRREDDY,2024.0,4543.0,-4034.0,-376.0,133.0,8577.0
EICHERMOT,2012.0,496.0,-773.0,-111.0,-388.0,1269.0
EICHERMOT,2013.0,716.0,-790.0,-47.0,-121.0,1506.0
EICHERMOT,2014.0,1047.0,-1214.0,-162.0,-329.0,2261.0
EICHERMOT,2016.0,1463.0,-1001.0,-466.0,-4.0,2464.0
EICHERMOT,2017.0,1708.0,-1744.0,25.0,-10.0,3452.0
EICHERMOT,2018.0,2482.0,-2145.0,-262.0,75.0,4627.0
EICHERMOT,2019.0,1575.0,-660.0,-292.0,623.0,2235.0
EICHERMOT,2020.0,1694.0,-1508.0,-858.0,-673.0,3202.0
EICHERMOT,2021.0,1691.0,-1625.0,-15.0,51.0,3316.0
EICHERMOT,2022.0,1527.0,-983.0,-593.0,-50.0,2510.0
EICHERMOT,2023.0,2823.0,-2397.0,-417.0,8.0,5220.0
EICHERMOT,2024.0,3724.0,-2834.0,-844.0,45.0,6558.0
GAIL,2013.0,6603.0,-8626.0,3642.0,1618.0,15229.0
GAIL,2014.0,4615.0,-4466.0,-3.0,146.0,9081.0
GAIL,2015.0,4214.0,-2809.0,-3058.0,-1653.0,7023.0
GAIL,2016.0,3960.0,-904.0,-3028.0,29.0,4864.0
GAIL,2017.0,6024.0,-334.0,-5275.0,415.0,6358.0
GAIL,2018.0,8769.0,-2660.0,-5252.0,858.0,11429.0
GAIL,2019.0,7984.0,-5701.0,-3364.0,-1081.0,13685.0
GAIL,2020.0,8345.0,-8299.0,281.0,328.0,16644.0
GAIL,2021.0,8993.0,-4640.0,-3471.0,882.0,13633.0
GAIL,2022.0,9420.0,-5490.0,-3917.0,13.0,14910.0
GAIL,2023.0,3205.0,-7453.0,2972.0,-1276.0,10658.0
GAIL,2024.0,12586.0,-8226.0,-3457.0,902.0,20812.0
GODREJCP,2013.0,820.0,-865.0,282.0,237.0,1685.0
GODREJCP,2014.0,1116.0,-494.0,-620.0,1.0,1610.0
GODREJCP,2015.0,1027.0,-1236.0,-12.0,-221.0,2263.0
GODREJCP,2016.0,847.0,-622.0,-202.0,23.0,1469.0
GODREJCP,2017.0,1860.0,-2243.0,665.0,282.0,4103.0
GODREJCP,2018.0,1723.0,-336.0,-1384.0,3.0,2059.0
GODREJCP,2019.0,1729.0,274.0,-2039.0,-36.0,1455.0
GODREJCP,2020.0,1588.0,-552.0,-1295.0,-259.0,2140.0
GODREJCP,2021.0,2030.0,-292.0,-1816.0,-79.0,2322.0
GODREJCP,2022.0,1451.0,-844.0,-380.0,227.0,2295.0
GODREJCP,2023.0,2151.0,-1754.0,-794.0,-398.0,3905.0
GODREJCP,2024.0,2070.0,-3435.0,1406.0,41.0,5505.0
GRASIM,2013.0,4242.0,-5687.0,1348.0,-97.0,9929.0
GRASIM,2014.0,3549.0,-2336.0,-1046.0,168.0,5885.0
GRASIM,2015.0,4594.0,-2359.0,-2278.0,-42.0,6953.0
GRASIM,2016.0,5868.0,-4515.0,-1365.0,-11.0,10383.0
GRASIM,2017.0,7288.0,-3509.0,-3799.0,-20.0,10797.0
GRASIM,2018.0,-4140.0,1546.0,3449.0,856.0,-5686.0
GRASIM,2019.0,-1659.0,-2212.0,4158.0,287.0,553.0
GRASIM,2020.0,16620.0,-11364.0,-3418.0,1838.0,27984.0
GRASIM,2021.0,15075.0,-7146.0,-8003.0,-75.0,22221.0
GRASIM,2022.0,7038.0,-1053.0,-6733.0,-748.0,8091.0
GRASIM,2023.0,-12685.0,-13712.0,26469.0,72.0,1027.0
GRASIM,2024.0,-10719.0,-23114.0,33908.0,75.0,12395.0
HAL,2017.0,-423.0,3021.0,-164.0,2433.0,-3444.0
HAL,2018.0,-734.0,594.0,-2540.0,-2680.0,-1328.0
HAL,2019.0,-7694.0,5292.0,2321.0,-80.0,-12986.0
HAL,2020.0,1537.0,-1334.0,64.0,266.0,2871.0
HAL,2021.0,15124.0,-1190.0,-7070.0,6864.0,16314.0
HAL,2022.0,10180.0,-12789.0,-1464.0,-4072.0,22969.0
HAL,2023.0,8836.0,-5734.0,-1731.0,1370.0,14570.0
HAL,2024.0,8226.0,-6412.0,-1999.0,-185.0,14638.0
HAVELLS,2013.0,638.0,-144.0,-252.0,242.0,782.0
HAVELLS,2014.0,868.0,-376.0,-310.0,183.0,1244.0
HAVELLS,2015.0,963.0,-485.0,-754.0,-277.0,1448.0
HAVELLS,2016.0,513.0,-121.0,-621.0,-229.0,634.0
HAVELLS,2017.0,767.0,-220.0,-98.0,450.0,987.0
HAVELLS,2018.0,1100.0,-946.0,-409.0,-255.0,2046.0
HAVELLS,2019.0,501.0,185.0,-318.0,368.0,316.0
HAVELLS,2020.0,827.0,-548.0,-716.0,-437.0,1375.0
HAVELLS,2021.0,660.0,-763.0,190.0,87.0,1423.0
HAVELLS,2022.0,1728.0,-759.0,-547.0,421.0,2487.0
HAVELLS,2023.0,565.0,31.0,-907.0,-311.0,534.0
HAVELLS,2024.0,1953.0,-1618.0,-534.0,-199.0,3571.0
HCLTECH,2013.0,4492.0,-2361.0,-2086.0,44.0,6853.0
HCLTECH,2014.0,6457.0,-4842.0,-1308.0,307.0,11299.0
HCLTECH,2015.0,5539.0,-2088.0,-3140.0,311.0,7627.0
HCLTECH,2016.0,3823.0,-2208.0,-2237.0,-623.0,6031.0
HCLTECH,2017.0,8995.0,-3890.0,-4517.0,588.0,12885.0
HCLTECH,2018.0,8328.0,-2236.0,-5714.0,378.0,10564.0
HCLTECH,2019.0,8971.0,-3256.0,-1471.0,4244.0,12227.0
HCLTECH,2020.0,13359.0,-12332.0,-3168.0,-2141.0,25691.0
HCLTECH,2021.0,19618.0,-5665.0,-11192.0,2761.0,25283.0
HCLTECH,2022.0,16900.0,1597.0,-14508.0,3989.0,15303.0
HCLTECH,2023.0,18009.0,-3573.0,-15881.0,-1445.0,21582.0
HCLTECH,2024.0,22448.0,-6608.0,-15464.0,376.0,29056.0
HDFCBANK,2013.0,-5847.0,-902.0,13105.0,6356.0,-4945.0
HDFCBANK,2014.0,4211.0,-1099.0,9270.0,12382.0,5310.0
HDFCBANK,2015.0,-21281.0,-800.0,18694.0,-3387.0,-20481.0
HDFCBANK,2016.0,-34435.0,-837.0,37815.0,2542.0,-33598.0
HDFCBANK,2017.0,17282.0,-1146.0,-5893.0,10242.0,18428.0
HDFCBANK,2018.0,17214.0,-842.0,57378.0,73750.0,18056.0
HDFCBANK,2019.0,-62872.0,-1503.0,23131.0,-41244.0,-61369.0
HDFCBANK,2020.0,-16869.0,-1403.0,24394.0,6122.0,-15466.0
HDFCBANK,2021.0,42476.0,-1823.0,-7321.0,33332.0,44299.0
HDFCBANK,2022.0,-11960.0,-2051.0,48124.0,34113.0,-9909.0
HDFCBANK,2023.0,20814.0,-2992.0,23941.0,41762.0,23806.0
HDFCBANK,2024.0,19069.0,16600.0,-3983.0,31687.0,2469.0
HDFCLIFE,2013.0,,,,,
HDFCLIFE,2014.0,,,,,
HDFCLIFE,2015.0,4459.0,-3514.0,-168.0,777.0,7973.0
HDFCLIFE,2016.0,5687.0,-3962.0,-212.0,1513.0,9649.0
HDFCLIFE,2017.0,6230.0,-5177.0,-236.0,817.0,11407.0
HDFCLIFE,2018.0,6739.0,-4421.0,-196.0,2122.0,11160.0
HDFCLIFE,2019.0,9868.0,-10182.0,-337.0,-651.0,20050.0
HDFCLIFE,2020.0,7388.0,-7789.0,38.0,-364.0,15177.0
HDFCLIFE,2021.0,9703.0,-8952.0,678.0,1429.0,18655.0
HDFCLIFE,2022.0,5943.0,-801.0,-238.0,4904.0,6744.0
HDFCLIFE,2023.0,6883.0,-10071.0,1985.0,-1203.0,16954.0
HDFCLIFE,2024.0,10721.0,-13614.0,-403.0,-3296.0,24335.0
HEROMOTOCO,2014.0,2963.0,-1616.0,-1414.0,-66.0,4579.0
HEROMOTOCO,2015.0,2186.0,31.0,-2131.0,86.0,2155.0
HEROMOTOCO,2016.0,3722.0,-2300.0,-1475.0,-53.0,6022.0
HEROMOTOCO,2017.0,4007.0,-1972.0,-2036.0,-1.0,5979.0
HEROMOTOCO,2018.0,4017.0,-1858.0,-2102.0,57.0,5875.0
HEROMOTOCO,2019.0,1032.0,1298.0,-2252.0,78.0,-266.0
HEROMOTOCO,2020.0,5518.0,-2819.0,-2602.0,97.0,8337.0
HEROMOTOCO,2021.0,4110.0,-2289.0,-1852.0,-31.0,6399.0
HEROMOTOCO,2022.0,2104.0,-222.0,-1975.0,-94.0,2326.0
HEROMOTOCO,2023.0,2614.0,-421.0,-2147.0,45.0,3035.0
HEROMOTOCO,2024.0,4923.0,-1828.0,-2717.0,379.0,6751.0
HINDALCO,2013.0,2977.0,-13801.0,10278.0,-545.0,16778.0
HINDALCO,2014.0,7956.0,-8095.0,1493.0,1353.0,16051.0
HINDALCO,2015.0,7143.0,-3873.0,-2437.0,833.0,11016.0
HINDALCO,2016.0,11688.0,-3220.0,-8862.0,-394.0,14908.0
HINDALCO,2017.0,12687.0,-2876.0,-5552.0,4259.0,15563.0
HINDALCO,2018.0,10898.0,5333.0,-16412.0,-181.0,5565.0
HINDALCO,2019.0,11977.0,-5456.0,-5466.0,1055.0,17433.0
HINDALCO,2020.0,12745.0,-7227.0,6656.0,12174.0,19972.0
HINDALCO,2021.0,17232.0,-25280.0,-4882.0,-12930.0,42512.0
HINDALCO,2022.0,16838.0,-6773.0,-6765.0,3300.0,23611.0
HINDALCO,2023.0,19208.0,-7559.0,-10450.0,1199.0,26767.0
HINDALCO,2024.0,24056.0,-14267.0,-10817.0,-1028.0,38323.0
HINDUNILVR,2013.0,3605.0,63.0,-4147.0,-480.0,3542.0
HINDUNILVR,2014.0,3818.0,-475.0,-2960.0,383.0,4293.0
HINDUNILVR,2015.0,3292.0,138.0,-3462.0,-33.0,3154.0
HINDUNILVR,2016.0,4171.0,-282.0,-3864.0,25.0,4453.0
HINDUNILVR,2017.0,5185.0,-1173.0,-4214.0,-202.0,6358.0
HINDUNILVR,2018.0,6059.0,-1063.0,-4975.0,21.0,7122.0
HINDUNILVR,2019.0,5800.0,-438.0,-5390.0,-28.0,6238.0
HINDUNILVR,2020.0,7623.0,1791.0,-6819.0,2595.0,5832.0
HINDUNILVR,2021.0,9163.0,-1228.0,-9309.0,-1374.0,10391.0
HINDUNILVR,2022.0,9048.0,-1728.0,-8015.0,-695.0,10776.0
HINDUNILVR,2023.0,9991.0,-1484.0,-8953.0,-446.0,11475.0
HINDUNILVR,2024.0,15469.0,-5324.0,-10034.0,111.0,20793.0
ICICIBANK,2013.0,17494.0,-18563.0,9283.0,8215.0,36057.0
ICICIBANK,2014.0,6765.0,-15750.0,7872.0,-1113.0,22515.0
ICICIBANK,2015.0,-12273.0,-13175.0,24827.0,-621.0,902.0
ICICIBANK,2016.0,23645.0,-12060.0,5814.0,17399.0,35705.0
ICICIBANK,2017.0,52636.0,-1711.0,-35470.0,15455.0,54347.0
ICICIBANK,2018.0,19383.0,-50551.0,39676.0,8508.0,69934.0
ICICIBANK,2019.0,48671.0,-30282.0,-19997.0,-1608.0,78953.0
ICICIBANK,2020.0,79565.0,-42095.0,2992.0,40462.0,121660.0
ICICIBANK,2021.0,138015.0,-63631.0,-54667.0,19718.0,201646.0
ICICIBANK,2022.0,58111.0,-39448.0,17451.0,36114.0,97559.0
ICICIBANK,2023.0,-3771.0,-67689.0,24791.0,-46669.0,63918.0
ICICIBANK,2024.0,157284.0,-144737.0,13765.0,26312.0,302021.0
ICICIGI,2013.0,984.0,-962.0,102.0,124.0,1946.0
ICICIGI,2014.0,595.0,-706.0,4.0,-108.0,1301.0
ICICIGI,2015.0,-98.0,171.0,-93.0,-20.0,-269.0
ICICIGI,2016.0,511.0,-310.0,-148.0,53.0,821.0
ICICIGI,2017.0,1628.0,-1990.0,361.0,-1.0,3618.0
ICICIGI,2018.0,2390.0,-1896.0,-96.0,398.0,4286.0
ICICIGI,2019.0,2976.0,-2856.0,-310.0,-190.0,5832.0
ICICIGI,2020.0,3433.0,-3382.0,-420.0,-369.0,6815.0
ICICIGI,2021.0,1774.0,-1367.0,-212.0,195.0,3141.0
ICICIGI,2022.0,809.0,135.0,-879.0,65.0,674.0
ICICIGI,2023.0,2290.0,-1685.0,-695.0,-90.0,3975.0
ICICIGI,2024.0,2407.0,-1921.0,-355.0,131.0,4328.0
ICICIPRULI,2013.0,-2641.0,1564.0,-514.0,-1591.0,-4205.0
ICICIPRULI,2014.0,-2382.0,6012.0,-1091.0,2539.0,-8394.0
ICICIPRULI,2015.0,523.0,-1822.0,-966.0,-2264.0,2345.0
ICICIPRULI,2016.0,3634.0,27.0,-1442.0,2219.0,3607.0
ICICIPRULI,2017.0,4130.0,-696.0,-994.0,2439.0,4826.0
ICICIPRULI,2018.0,5690.0,-5389.0,-1188.0,-887.0,11079.0
ICICIPRULI,2019.0,11377.0,-7559.0,-843.0,2975.0,18936.0
ICICIPRULI,2020.0,8596.0,-10797.0,-405.0,-2606.0,19393.0
ICICIPRULI,2021.0,7314.0,-5084.0,1205.0,3434.0,12398.0
ICICIPRULI,2022.0,1831.0,-816.0,-319.0,696.0,2647.0
ICICIPRULI,2023.0,89.0,-1145.0,-112.0,-1168.0,1234.0
ICICIPRULI,2024.0,-7315.0,7420.0,-88.0,17.0,-14735.0
INDIGO,2013.0,1741.0,-1890.0,36.0,-113.0,3631.0
INDIGO,2014.0,1595.0,-2914.0,1285.0,-34.0,4509.0
INDIGO,2015.0,2384.0,-940.0,-1308.0,136.0,3324.0
INDIGO,2016.0,3116.0,-1337.0,-1220.0,559.0,4453.0
INDIGO,2017.0,3782.0,-3033.0,-1401.0,-652.0,6815.0
INDIGO,2018.0,3903.0,-4152.0,766.0,518.0,8055.0
INDIGO,2019.0,3160.0,-2526.0,-592.0,42.0,5686.0
INDIGO,2020.0,6943.0,-4573.0,-2407.0,-37.0,11516.0
INDIGO,2021.0,-1620.0,3228.0,-1775.0,-168.0,-4848.0
INDIGO,2022.0,2064.0,1527.0,-3088.0,503.0,537.0
INDIGO,2023.0,12703.0,-4039.0,-8432.0,232.0,16742.0
INDIGO,2024.0,21183.0,-11759.0,-9979.0,-555.0,32942.0
INDUSINDBK,2013.0,-486.0,-174.0,1969.0,1309.0,-312.0
INDUSINDBK,2014.0,-4106.0,-174.0,4200.0,-79.0,-3932.0
INDUSINDBK,2015.0,-1421.0,-276.0,5707.0,4010.0,-1145.0
INDUSINDBK,2016.0,-2927.0,-258.0,2517.0,-667.0,-2669.0
INDUSINDBK,2017.0,11569.0,-285.0,-2768.0,8516.0,11854.0
INDUSINDBK,2018.0,-20700.0,-217.0,15505.0,-5412.0,-20483.0
INDUSINDBK,2019.0,-6389.0,-633.0,8590.0,1568.0,-5756.0
INDUSINDBK,2020.0,-12039.0,526.0,12733.0,1220.0,-12565.0
INDUSINDBK,2021.0,44646.0,-226.0,-4096.0,40324.0,44872.0
INDUSINDBK,2022.0,16600.0,-351.0,-4302.0,11947.0,16951.0
INDUSINDBK,2023.0,-12438.0,-441.0,1115.0,-11763.0,-11997.0
INDUSINDBK,2024.0,-16843.0,-625.0,-2242.0,-19710.0,-16218.0
INFY,2013.0,7373.0,-2922.0,-3210.0,1241.0,10295.0
INFY,2014.0,9825.0,-2563.0,-3144.0,4118.0,12388.0
INFY,2015.0,8353.0,999.0,-4935.0,4417.0,7354.0
INFY,2016.0,10028.0,-885.0,-6813.0,2330.0,10913.0
INFY,2017.0,11531.0,-14664.0,-6939.0,-10072.0,26195.0
INFY,2018.0,13218.0,4533.0,-20505.0,-2754.0,8685.0
INFY,2019.0,14841.0,-632.0,-14512.0,-303.0,15473.0
INFY,2020.0,17003.0,-331.0,-17591.0,-919.0,17334.0
INFY,2021.0,23224.0,-7373.0,-9786.0,6065.0,30597.0
INFY,2022.0,23885.0,-6485.0,-24642.0,-7242.0,30370.0
INFY,2023.0,22467.0,-1071.0,-26695.0,-5299.0,23538.0
INFY,2024.0,25210.0,-5093.0,-17504.0,2613.0,30303.0
IOC,2013.0,9340.0,-9294.0,352.0,398.0,18634.0
IOC,2014.0,24195.0,-18594.0,-3116.0,2485.0,42789.0
IOC,2015.0,46092.0,-10215.0,-38283.0,-2406.0,56307.0
IOC,2016.0,25624.0,-13610.0,-11890.0,124.0,39234.0
IOC,2017.0,28216.0,-17684.0,-10937.0,-405.0,45900.0
IOC,2018.0,29115.0,-17119.0,-12007.0,-11.0,46234.0
IOC,2019.0,12747.0,-22569.0,10436.0,614.0,35316.0
IOC,2020.0,7146.0,-29101.0,22456.0,502.0,36247.0
IOC,2021.0,49650.0,-22935.0,-27369.0,-653.0,72585.0
IOC,2022.0,25747.0,-21294.0,-4058.0,395.0,47041.0
IOC,2023.0,29644.0,-28030.0,-1794.0,-180.0,57674.0
IOC,2024.0,71099.0,-31464.0,-39385.0,250.0,102563.0
IRCTC,2015.0,69.0,-46.0,-17.0,6.0,115.0
IRCTC,2016.0,288.0,7.0,-31.0,263.0,281.0
IRCTC,2017.0,338.0,94.0,-136.0,296.0,244.0
IRCTC,2018.0,24.0,40.0,-57.0,7.0,-16.0
IRCTC,2019.0,499.0,-353.0,-179.0,-33.0,852.0
IRCTC,2020.0,409.0,8.0,-280.0,137.0,401.0
IRCTC,2021.0,248.0,-453.0,-47.0,-252.0,701.0
IRCTC,2022.0,524.0,-242.0,-258.0,23.0,766.0
IRCTC,2023.0,812.0,-317.0,-434.0,61.0,1129.0
IRCTC,2024.0,882.0,-215.0,-404.0,262.0,1097.0
IRFC,2016.0,-16378.0,2.0,17582.0,1206.0,-16380.0
IRFC,2017.0,-19455.0,2.0,18250.0,-1204.0,-19457.0
IRFC,2018.0,-28076.0,2.0,28075.0,0.0,-28078.0
IRFC,2019.0,-41748.0,1.0,41749.0,3.0,-41749.0
IRFC,2020.0,-62701.0,1.0,62697.0,-2.0,-62702.0
IRFC,2021.0,-89907.0,0.0,90202.0,296.0,-89907.0
IRFC,2022.0,-64412.0,-5.0,64266.0,-151.0,-64407.0
IRFC,2023.0,-28588.0,0.0,28644.0,56.0,-28588.0
IRFC,2024.0,7914.0,-8.0,-8046.0,-140.0,7922.0
ITC,2013.0,7102.0,-3881.0,-3310.0,-90.0,10983.0
ITC,2014.0,7344.0,-3254.0,-4122.0,-32.0,10598.0
ITC,2015.0,9843.0,-5275.0,-4661.0,-93.0,15118.0
ITC,2016.0,9799.0,-3921.0,-5613.0,266.0,13720.0
ITC,2017.0,10627.0,-3251.0,-7301.0,75.0,13878.0
ITC,2018.0,13169.0,-7114.0,-6221.0,-166.0,20283.0
ITC,2019.0,12583.0,-5546.0,-6869.0,169.0,18129.0
ITC,2020.0,14690.0,-6174.0,-8181.0,334.0,20864.0
ITC,2021.0,12527.0,5740.0,-18634.0,-367.0,6787.0
ITC,2022.0,15776.0,-2238.0,-13580.0,-43.0,18014.0
ITC,2023.0,18878.0,-5732.0,-13006.0,139.0,24610.0
ITC,2024.0,17179.0,1563.0,-18551.0,191.0,15616.0
JINDALSTEL,2013.0,3522.0,-9591.0,6111.0,43.0,13113.0
JINDALSTEL,2014.0,4580.0,-12694.0,8879.0,766.0,17274.0
JINDALSTEL,2015.0,1182.0,-6717.0,5708.0,173.0,7899.0
JINDALSTEL,2016.0,4333.0,-2262.0,-2672.0,-601.0,6595.0
JINDALSTEL,2017.0,6850.0,-1998.0,-5108.0,-256.0,8848.0
JINDALSTEL,2018.0,7724.0,-1431.0,-6276.0,17.0,9155.0
JINDALSTEL,2019.0,9027.0,-832.0,-8261.0,-67.0,9859.0
JINDALSTEL,2020.0,8814.0,-1476.0,-7016.0,322.0,10290.0
JINDALSTEL,2021.0,11961.0,-1884.0,-4612.0,5465.0,13845.0
JINDALSTEL,2022.0,16048.0,-2331.0,-15120.0,-1403.0,18379.0
JINDALSTEL,2023.0,7347.0,-4090.0,-2500.0,757.0,11437.0
JINDALSTEL,2024.0,6008.0,-8344.0,1381.0,-955.0,14352.0
JIOFIN,2023.0,2055.0,-1110.0,-889.0,56.0,3165.0
JIOFIN,2024.0,-678.0,1441.0,-753.0,11.0,-2119.0
JSWENERGY,2013.0,1725.0,-944.0,-684.0,96.0,2669.0
JSWENERGY,2014.0,2269.0,-363.0,-1859.0,48.0,2632.0
JSWENERGY,2015.0,3394.0,-422.0,-2327.0,645.0,3816.0
JSWENERGY,2016.0,3538.0,-3272.0,-1622.0,-1357.0,6810.0
JSWENERGY,2017.0,3853.0,-762.0,-2595.0,496.0,4615.0
JSWENERGY,2018.0,3934.0,-215.0,-3968.0,-249.0,4149.0
JSWENERGY,2019.0,2491.0,-55.0,-2523.0,-87.0,2546.0
JSWENERGY,2020.0,2082.0,301.0,-1962.0,421.0,1781.0
JSWENERGY,2021.0,3700.0,-1030.0,-2515.0,155.0,4730.0
JSWENERGY,2022.0,2952.0,-1387.0,-781.0,784.0,4339.0
JSWENERGY,2023.0,2084.0,-6778.0,7327.0,2634.0,8862.0
JSWENERGY,2024.0,6234.0,-8197.0,1675.0,-289.0,14431.0
JSWSTEEL,2013.0,5844.0,-5433.0,-791.0,-380.0,11277.0
JSWSTEEL,2014.0,2594.0,-5618.0,3300.0,276.0,8212.0
JSWSTEEL,2015.0,7876.0,-7372.0,-169.0,334.0,15248.0
JSWSTEEL,2016.0,6897.0,-3857.0,-3151.0,-111.0,10754.0
JSWSTEEL,2017.0,7888.0,-5094.0,-2710.0,84.0,12982.0
JSWSTEEL,2018.0,12379.0,-4529.0,-8185.0,-335.0,16908.0
JSWSTEEL,2019.0,14633.0,-11387.0,1753.0,4999.0,26020.0
JSWSTEEL,2020.0,12785.0,-19589.0,5189.0,-1615.0,32374.0
JSWSTEEL,2021.0,18789.0,-7702.0,-3110.0,7977.0,26491.0
JSWSTEEL,2022.0,26270.0,-14748.0,-14657.0,-3135.0,41018.0
JSWSTEEL,2023.0,23323.0,-10730.0,-5977.0,6616.0,34053.0
JSWSTEEL,2024.0,12078.0,-14467.0,-5005.0,-7394.0,26545.0
KOTAKBANK,2013.0,2878.0,-9035.0,7099.0,942.0,11913.0
KOTAKBANK,2014.0,9068.0,-1130.0,-5814.0,2125.0,10198.0
KOTAKBANK,2015.0,2302.0,-4467.0,2426.0,260.0,6769.0
KOTAKBANK,2016.0,5025.0,-2353.0,2024.0,4696.0,7378.0
KOTAKBANK,2017.0,13222.0,-5289.0,6055.0,13989.0,18511.0
KOTAKBANK,2018.0,-10392.0,-5475.0,14679.0,-1188.0,-4917.0
KOTAKBANK,2019.0,1822.0,-3323.0,8365.0,6864.0,5145.0
KOTAKBANK,2020.0,46619.0,-13068.0,-735.0,32815.0,59687.0
KOTAKBANK,2021.0,4881.0,-11172.0,-10072.0,-16363.0,16053.0
KOTAKBANK,2022.0,8308.0,-10903.0,7543.0,4949.0,19211.0
KOTAKBANK,2023.0,-1242.0,-10381.0,1883.0,-9740.0,9139.0
KOTAKBANK,2024.0,15685.0,-8919.0,15515.0,22281.0,24604.0
LICI,2019.0,13274.0,9636.0,-13700.0,9210.0,3638.0
LICI,2020.0,54367.0,-40415.0,-18664.0,-4712.0,94782.0
LICI,2021.0,80602.0,148447.0,-256125.0,-27077.0,-67845.0
LICI,2022.0,-3783.0,12531.0,0.0,8748.0,-16314.0
LICI,2023.0,54519.0,-52848.0,-949.0,722.0,107367.0
LICI,2024.0,26122.0,-25269.0,-4427.0,-3574.0,51391.0
LODHA,2016.0,387.0,-854.0,330.0,-137.0,1241.0
LODHA,2017.0,1469.0,-1174.0,-312.0,-16.0,2643.0
LODHA,2018.0,696.0,-651.0,24.0,69.0,1347.0
LODHA,2019.0,-463.0,-175.0,736.0,97.0,-288.0
LODHA,2020.0,3772.0,182.0,-4188.0,-234.0,3590.0
LODHA,2021.0,2524.0,420.0,-2835.0,109.0,2104.0
LODHA,2022.0,1998.0,1139.0,-2888.0,250.0,859.0
LODHA,2023.0,2750.0,1789.0,-3706.0,834.0,961.0
LODHA,2024.0,2512.0,-2947.0,951.0,516.0,5459.0
LT,2013.0,-4355.0,-6922.0,11429.0,152.0,2567.0
LT,2014.0,-7143.0,-5510.0,13136.0,483.0,-1633.0
LT,2015.0,-1365.0,-4778.0,7903.0,1759.0,3413.0
LT,2016.0,-3240.0,-4627.0,7253.0,-613.0,1387.0
LT,2017.0,6655.0,-9796.0,2896.0,-245.0,16451.0
LT,2018.0,-10031.0,3914.0,9370.0,3254.0,-13945.0
LT,2019.0,-4756.0,-11023.0,15440.0,-338.0,6267.0
LT,2020.0,6694.0,-8408.0,6372.0,4658.0,15102.0
LT,2021.0,23074.0,-5750.0,-15274.0,2049.0,28824.0
LT,2022.0,19164.0,-3585.0,-15181.0,397.0,22749.0
LT,2023.0,22777.0,-8048.0,-11572.0,3156.0,30825.0
LT,2024.0,18266.0,2179.0,-25413.0,-4968.0,16087.0
LTIM,2013.0,608.0,-224.0,-396.0,-13.0,832.0
LTIM,2014.0,628.0,180.0,-769.0,40.0,448.0
LTIM,2015.0,642.0,-103.0,-497.0,42.0,745.0
LTIM,2016.0,858.0,-40.0,-817.0,2.0,898.0
LTIM,2017.0,1170.0,-961.0,-33.0,176.0,2131.0
LTIM,2018.0,844.0,-452.0,-408.0,-16.0,1296.0
LTIM,2019.0,1395.0,-749.0,-594.0,52.0,2144.0
LTIM,2020.0,1644.0,-643.0,-890.0,110.0,2287.0
LTIM,2021.0,2400.0,-1657.0,-509.0,234.0,4057.0
LTIM,2022.0,3251.0,-1643.0,-1680.0,-73.0,4894.0
LTIM,2023.0,3095.0,-271.0,-1932.0,892.0,3366.0
LTIM,2024.0,5670.0,-3918.0,-2269.0,-518.0,9588.0
M&M,2013.0,-922.0,-2903.0,4508.0,684.0,1981.0
M&M,2014.0,-244.0,-4524.0,5577.0,810.0,4280.0
M&M,2015.0,1055.0,-4357.0,1669.0,-1633.0,5412.0
M&M,2016.0,2385.0,-5506.0,2967.0,-154.0,7891.0
M&M,2017.0,183.0,-5875.0,6108.0,416.0,6058.0
M&M,2018.0,682.0,-5467.0,6314.0,1529.0,6149.0
M&M,2019.0,-4347.0,-7174.0,13194.0,1672.0,2827.0
M&M,2020.0,-1457.0,-6870.0,6933.0,-1394.0,5413.0
M&M,2021.0,17909.0,-19686.0,406.0,-1370.0,37595.0
M&M,2022.0,9248.0,-3252.0,-5883.0,113.0,12500.0
M&M,2023.0,-7074.0,-8866.0,15946.0,6.0,1792.0
M&M,2024.0,-5630.0,-5615.0,12281.0,1037.0,-15.0
MARUTI,2013.0,4059.0,-3119.0,-979.0,-39.0,7178.0
MARUTI,2014.0,4995.0,-4997.0,-74.0,-76.0,9992.0
MARUTI,2015.0,6449.0,-4491.0,-2004.0,-45.0,10940.0
MARUTI,2016.0,8482.0,-7230.0,-1237.0,16.0,15712.0
MARUTI,2017.0,10282.0,-9173.0,-1129.0,-20.0,19455.0
MARUTI,2018.0,11788.0,-8302.0,-3436.0,50.0,20090.0
MARUTI,2019.0,6601.0,-3540.0,-2948.0,113.0,10141.0
MARUTI,2020.0,3496.0,-557.0,-3104.0,-165.0,4053.0
MARUTI,2021.0,8856.0,-7291.0,-1545.0,20.0,16147.0
MARUTI,2022.0,1840.0,-239.0,-1607.0,-6.0,2079.0
MARUTI,2023.0,10815.0,-8820.0,-1214.0,780.0,19635.0
MARUTI,2024.0,16801.0,-11865.0,-4062.0,874.0,28666.0
MOTHERSON,2013.0,1486.0,-1089.0,-256.0,142.0,2575.0
MOTHERSON,2014.0,2695.0,-1372.0,-1080.0,243.0,4067.0
MOTHERSON,2015.0,3390.0,-2844.0,494.0,1040.0,6234.0
MOTHERSON,2016.0,2188.0,-1906.0,-263.0,19.0,4094.0
MOTHERSON,2017.0,3800.0,-6145.0,5518.0,3172.0,9945.0
MOTHERSON,2018.0,3264.0,-3194.0,-2221.0,-2152.0,6458.0
MOTHERSON,2019.0,4312.0,-3318.0,-225.0,769.0,7630.0
MOTHERSON,2020.0,6352.0,-2220.0,-2803.0,1329.0,8572.0
MOTHERSON,2021.0,5051.0,-1886.0,-2098.0,1068.0,6937.0
MOTHERSON,2022.0,2463.0,-2304.0,-1217.0,-1059.0,4767.0
MOTHERSON,2023.0,4643.0,-2248.0,-2734.0,-339.0,6891.0
MOTHERSON,2024.0,7569.0,-6644.0,1281.0,2205.0,14213.0
NAUKRI,2013.0,75.0,-46.0,-12.0,16.0,121.0
NAUKRI,2014.0,81.0,-204.0,130.0,7.0,285.0
NAUKRI,2015.0,51.0,-1051.0,1025.0,25.0,1102.0
NAUKRI,2016.0,78.0,-2.0,-66.0,11.0,80.0
NAUKRI,2017.0,213.0,-165.0,-42.0,7.0,378.0
NAUKRI,2018.0,253.0,-149.0,-75.0,29.0,402.0
NAUKRI,2019.0,276.0,-59.0,-78.0,138.0,335.0
NAUKRI,2020.0,350.0,97.0,-143.0,304.0,253.0
NAUKRI,2021.0,276.0,-2043.0,1880.0,113.0,2319.0
NAUKRI,2022.0,707.0,-1177.0,35.0,-435.0,1884.0
NAUKRI,2023.0,512.0,-358.0,2.0,156.0,870.0
NAUKRI,2024.0,702.0,-852.0,120.0,-29.0,1554.0
NESTLEIND,2013.0,1796.0,-441.0,-580.0,775.0,2237.0
NESTLEIND,2014.0,1644.0,-432.0,-1635.0,-423.0,2076.0
NESTLEIND,2015.0,1098.0,-70.0,-498.0,529.0,1168.0
NESTLEIND,2016.0,1466.0,-126.0,-666.0,674.0,1592.0
NESTLEIND,2017.0,1818.0,-131.0,-997.0,691.0,1949.0
NESTLEIND,2018.0,2052.0,-52.0,-1317.0,683.0,2104.0
NESTLEIND,2019.0,2295.0,83.0,-3602.0,-1223.0,2212.0
NESTLEIND,2020.0,2454.0,-321.0,-1956.0,177.0,2775.0
NESTLEIND,2021.0,2236.0,-1920.0,-2020.0,-1704.0,4156.0
NESTLEIND,2022.0,2737.0,-392.0,-2123.0,223.0,3129.0
NESTLEIND,2023.0,3392.0,-927.0,-2436.0,29.0,4319.0
NESTLEIND,2024.0,4175.0,-1237.0,-3135.0,-198.0,5412.0
NHPC,2013.0,2846.0,-1330.0,-1344.0,172.0,4176.0
NHPC,2014.0,3824.0,-1122.0,-4536.0,-1834.0,4946.0
NHPC,2015.0,4061.0,-768.0,-2494.0,798.0,4829.0
NHPC,2016.0,5971.0,-746.0,-4000.0,1224.0,6717.0
NHPC,2017.0,8329.0,-1864.0,-7812.0,-1347.0,10193.0
NHPC,2018.0,4696.0,-886.0,-3863.0,-53.0,5582.0
NHPC,2019.0,3824.0,-1182.0,-2637.0,5.0,5006.0
NHPC,2020.0,2993.0,-2987.0,12.0,17.0,5980.0
NHPC,2021.0,5070.0,-1607.0,-3058.0,405.0,6677.0
NHPC,2022.0,4590.0,-3084.0,-638.0,867.0,7674.0
NHPC,2023.0,4705.0,-4191.0,-795.0,-281.0,8896.0
NHPC,2024.0,6938.0,-5968.0,-581.0,388.0,12906.0
NTPC,2013.0,16508.0,-16845.0,988.0,651.0,33353.0
NTPC,2014.0,16531.0,-15509.0,-2709.0,-1687.0,32040.0
NTPC,2015.0,14889.0,-15977.0,-1474.0,-2563.0,30866.0
NTPC,2016.0,24125.0,-19162.0,-3899.0,1064.0,43287.0
NTPC,2017.0,20167.0,-24480.0,3138.0,-1176.0,44647.0
NTPC,2018.0,19670.0,-20678.0,1028.0,19.0,40348.0
NTPC,2019.0,18686.0,-24063.0,4927.0,-451.0,42749.0
NTPC,2020.0,23890.0,-29628.0,6004.0,266.0,53518.0
NTPC,2021.0,32444.0,-21034.0,-11049.0,360.0,53478.0
NTPC,2022.0,41788.0,-22891.0,-19172.0,-274.0,64679.0
NTPC,2023.0,47152.0,-26145.0,-21217.0,-210.0,73297.0
NTPC,2024.0,40785.0,-32141.0,-8246.0,398.0,72926.0
ONGC,2013.0,39874.0,-41220.0,-6927.0,-8273.0,81094.0
ONGC,2014.0,53270.0,-63633.0,15225.0,4862.0,116903.0
ONGC,2015.0,33950.0,-30058.0,-10641.0,-6749.0,64008.0
ONGC,2016.0,46292.0,-38256.0,-8972.0,-935.0,84548.0
ONGC,2017.0,45780.0,-43815.0,-1867.0,99.0,89595.0
ONGC,2018.0,56792.0,-66798.0,9909.0,-97.0,123590.0
ONGC,2019.0,61458.0,-37132.0,-23324.0,1001.0,98590.0
ONGC,2020.0,70593.0,-53159.0,-16726.0,708.0,123752.0
ONGC,2021.0,47185.0,-39141.0,-8239.0,-195.0,86326.0
ONGC,2022.0,78248.0,-41197.0,-35790.0,1261.0,119445.0
ONGC,2023.0,86062.0,-74690.0,-12876.0,-1504.0,160752.0
ONGC,2024.0,99263.0,-57203.0,-45650.0,-3591.0,156466.0
PFC,2013.0,-25102.0,22.0,27947.0,2868.0,-25124.0
PFC,2014.0,-22473.0,9.0,17671.0,-4793.0,-22482.0
PFC,2015.0,-21455.0,-491.0,26916.0,4970.0,-20964.0
PFC,2016.0,-13298.0,-1973.0,10383.0,-4888.0,-11325.0
PFC,2017.0,1795.0,-667.0,1950.0,3079.0,2462.0
PFC,2018.0,-57148.0,1409.0,52018.0,-3720.0,-58557.0
PFC,2019.0,-80252.0,-13463.0,93616.0,-98.0,-66789.0
PFC,2020.0,-42148.0,-73.0,43399.0,1179.0,-42075.0
PFC,2021.0,-59143.0,1741.0,60424.0,3023.0,-60884.0
PFC,2022.0,4904.0,-547.0,-8371.0,-4014.0,5451.0
PFC,2023.0,-74717.0,-1694.0,75537.0,-874.0,-73023.0
PFC,2024.0,-97820.0,-3409.0,101261.0,32.0,-94411.0
PIDILITIND,2013.0,472.0,-144.0,-339.0,-12.0,616.0
PIDILITIND,2014.0,394.0,-99.0,-242.0,54.0,493.0
PIDILITIND,2015.0,552.0,-436.0,-165.0,-49.0,988.0
PIDILITIND,2016.0,907.0,-491.0,-371.0,45.0,1398.0
PIDILITIND,2017.0,794.0,-879.0,41.0,-45.0,1673.0
PIDILITIND,2018.0,796.0,39.0,-790.0,46.0,757.0
PIDILITIND,2019.0,845.0,-513.0,-361.0,-29.0,1358.0
PIDILITIND,2020.0,1280.0,103.0,-849.0,533.0,1177.0
PIDILITIND,2021.0,1392.0,-1688.0,-76.0,-372.0,3080.0
PIDILITIND,2022.0,955.0,-558.0,-468.0,-71.0,1513.0
PIDILITIND,2023.0,1558.0,-899.0,-656.0,2.0,2457.0
PIDILITIND,2024.0,2724.0,-1769.0,-742.0,212.0,4493.0
PNB,2013.0,-692.0,-600.0,-694.0,-1987.0,-92.0
PNB,2014.0,16906.0,-302.0,2129.0,18733.0,17208.0
PNB,2015.0,4814.0,-872.0,7451.0,11393.0,5686.0
PNB,2016.0,14167.0,-1352.0,5975.0,18790.0,15519.0
PNB,2017.0,21938.0,159.0,-9767.0,12330.0,21779.0
PNB,2018.0,-1742.0,392.0,7460.0,6109.0,-2134.0
PNB,2019.0,-33532.0,-629.0,13969.0,-20192.0,-32903.0
PNB,2020.0,-12793.0,-338.0,13591.0,460.0,-12455.0
PNB,2021.0,30950.0,-787.0,5415.0,35579.0,31737.0
PNB,2022.0,20032.0,-1204.0,2032.0,20859.0,21236.0
PNB,2023.0,22592.0,-732.0,1275.0,23135.0,23324.0
PNB,2024.0,-27939.0,-1506.0,3518.0,-25928.0,-26433.0
POWERGRID,2013.0,11690.0,-22084.0,9962.0,-432.0,33774.0
POWERGRID,2014.0,15223.0,-26639.0,13712.0,2295.0,41862.0
POWERGRID,2015.0,15800.0,-24185.0,6399.0,-1986.0,39985.0
POWERGRID,2016.0,15008.0,-21576.0,5621.0,-948.0,36584.0
POWERGRID,2017.0,21575.0,-23836.0,3959.0,1698.0,45411.0
POWERGRID,2018.0,22710.0,-25701.0,1285.0,-1707.0,48411.0
POWERGRID,2019.0,23271.0,-18727.0,-2431.0,2113.0,41998.0
POWERGRID,2020.0,30739.0,-10733.0,-18806.0,1199.0,41472.0
POWERGRID,2021.0,29403.0,-9244.0,-20521.0,-362.0,38647.0
POWERGRID,2022.0,26124.0,753.0,-28967.0,-2091.0,25371.0
POWERGRID,2023.0,40203.0,-7138.0,-30450.0,2615.0,47341.0
POWERGRID,2024.0,37290.0,-13114.0,-25903.0,-1728.0,50404.0
RECLTD,2013.0,-20059.0,152.0,16059.0,-3847.0,-20211.0
RECLTD,2014.0,-17244.0,136.0,16815.0,-293.0,-17380.0
RECLTD,2015.0,-23898.0,151.0,23098.0,-649.0,-24049.0
RECLTD,2016.0,-13278.0,-756.0,15291.0,1257.0,-12522.0
RECLTD,2017.0,6805.0,-101.0,-3947.0,2757.0,6906.0
RECLTD,2018.0,-32510.0,46.0,28244.0,-4220.0,-32556.0
RECLTD,2019.0,-35866.0,457.0,35543.0,134.0,-36323.0
RECLTD,2020.0,-32712.0,121.0,33926.0,1336.0,-32833.0
RECLTD,2021.0,-43512.0,861.0,42113.0,-538.0,-44373.0
RECLTD,2022.0,-819.0,-287.0,68.0,-1038.0,-532.0
RECLTD,2023.0,-37360.0,-943.0,38123.0,-180.0,-36417.0
RECLTD,2024.0,-57723.0,-1831.0,59588.0,34.0,-55892.0
RELIANCE,2013.0,36918.0,-27601.0,408.0,9725.0,64519.0
RELIANCE,2014.0,43261.0,-73070.0,13713.0,-16096.0,116331.0
RELIANCE,2015.0,34374.0,-64706.0,8444.0,-21888.0,99080.0
RELIANCE,2016.0,38134.0,-36186.0,-3210.0,-1262.0,74320.0
RELIANCE,2017.0,49550.0,-66201.0,8617.0,-8034.0,115751.0
RELIANCE,2018.0,71459.0,-68192.0,-2001.0,1266.0,139651.0
RELIANCE,2019.0,42346.0,-94507.0,55906.0,3745.0,136853.0
RELIANCE,2020.0,94877.0,-72497.0,-2541.0,19839.0,167374.0
RELIANCE,2021.0,26958.0,-142385.0,101904.0,-13523.0,169343.0
RELIANCE,2022.0,110654.0,-109162.0,17289.0,18781.0,219816.0
RELIANCE,2023.0,115032.0,-93001.0,10455.0,32486.0,208033.0
RELIANCE,2024.0,158788.0,-113581.0,-16646.0,28561.0,272369.0
SBILIFE,2013.0,1130.0,-227.0,-58.0,845.0,1357.0
SBILIFE,2014.0,166.0,-708.0,-58.0,-600.0,874.0
SBILIFE,2015.0,2711.0,-178.0,-117.0,2416.0,2889.0
SBILIFE,2016.0,5778.0,-7204.0,-144.0,-1570.0,12982.0
SBILIFE,2017.0,8525.0,-9032.0,-144.0,-651.0,17557.0
SBILIFE,2018.0,10395.0,-8910.0,-221.0,1264.0,19305.0
SBILIFE,2019.0,13473.0,-13552.0,-241.0,-321.0,27025.0
SBILIFE,2020.0,19299.0,-16986.0,-198.0,2114.0,36285.0
SBILIFE,2021.0,23878.0,-19203.0,3.0,4677.0,43081.0
SBILIFE,2022.0,21852.0,-21611.0,-231.0,10.0,43463.0
SBILIFE,2023.0,28656.0,-30203.0,-415.0,-1962.0,58859.0
SBILIFE,2024.0,29122.0,-31221.0,-227.0,-2327.0,60343.0
SBIN,2013.0,24332.0,-2271.0,-4424.0,17637.0,26603.0
SBIN,2014.0,19142.0,-791.0,3583.0,21934.0,19933.0
SBIN,2015.0,26297.0,-3424.0,-1553.0,21320.0,29721.0
SBIN,2016.0,14477.0,-2747.0,4348.0,16078.0,17224.0
SBIN,2017.0,77406.0,-4572.0,-4196.0,68638.0,81978.0
SBIN,2018.0,-96508.0,13053.0,5547.0,-77908.0,-109561.0
SBIN,2019.0,29556.0,220.0,448.0,30223.0,29336.0
SBIN,2020.0,23929.0,-555.0,5430.0,28803.0,24484.0
SBIN,2021.0,89919.0,-3670.0,7143.0,93392.0,93589.0
SBIN,2022.0,57695.0,-2652.0,-3845.0,51198.0,60347.0
SBIN,2023.0,-86014.0,-966.0,6386.0,-80593.0,-85048.0
SBIN,2024.0,21632.0,-3476.0,-9896.0,8260.0,25108.0
SHREECEM,2013.0,1260.0,-270.0,-982.0,8.0,1530.0
SHREECEM,2014.0,1401.0,-1234.0,-156.0,11.0,2635.0
SHREECEM,2015.0,1239.0,-990.0,-259.0,-10.0,2229.0
SHREECEM,2016.0,1566.0,-1265.0,-271.0,31.0,2831.0
SHREECEM,2017.0,2202.0,-2048.0,-167.0,-13.0,4250.0
SHREECEM,2018.0,1879.0,-3595.0,1726.0,10.0,5474.0
SHREECEM,2019.0,2080.0,-720.0,-1276.0,84.0,2800.0
SHREECEM,2020.0,3973.0,-5590.0,1581.0,-36.0,9563.0
SHREECEM,2021.0,4254.0,-2651.0,-1233.0,370.0,6905.0
SHREECEM,2022.0,2668.0,-2143.0,-849.0,-324.0,4811.0
SHREECEM,2023.0,2569.0,-2405.0,-277.0,-113.0,4974.0
SHREECEM,2024.0,3347.0,-1418.0,-1710.0,220.0,4765.0
SHRIRAMFIN,2013.0,-8359.0,-41.0,9060.0,661.0,-8318.0
SHRIRAMFIN,2014.0,-4055.0,-112.0,5010.0,843.0,-3943.0
SHRIRAMFIN,2015.0,-9611.0,-45.0,7836.0,-1819.0,-9566.0
SHRIRAMFIN,2016.0,-5507.0,-36.0,2822.0,-2721.0,-5471.0
SHRIRAMFIN,2017.0,-2677.0,-2.0,3017.0,338.0,-2675.0
SHRIRAMFIN,2018.0,-13142.0,86.0,13014.0,-42.0,-13228.0
SHRIRAMFIN,2019.0,-5535.0,-76.0,5550.0,-62.0,-5459.0
SHRIRAMFIN,2020.0,-2464.0,-55.0,4579.0,2060.0,-2409.0
SHRIRAMFIN,2021.0,-4239.0,-25.0,12226.0,7962.0,-4214.0
SHRIRAMFIN,2022.0,-8859.0,-34.0,8505.0,-388.0,-8825.0
SHRIRAMFIN,2023.0,-17625.0,5076.0,11820.0,-730.0,-22701.0
SHRIRAMFIN,2024.0,-31101.0,-258.0,27609.0,-3750.0,-30843.0
SIEMENS,2011.0,3.0,264.0,-196.0,70.0,-261.0
SIEMENS,2014.0,608.0,130.0,-220.0,517.0,478.0
SIEMENS,2015.0,574.0,646.0,-245.0,975.0,-72.0
SIEMENS,2016.0,513.0,237.0,-1614.0,-864.0,276.0
SIEMENS,2017.0,573.0,1321.0,-285.0,1610.0,-748.0
SIEMENS,2018.0,100.0,-174.0,-305.0,-379.0,274.0
SIEMENS,2019.0,1273.0,-1135.0,-312.0,-174.0,2408.0
SIEMENS,2020.0,720.0,871.0,-386.0,1205.0,-151.0
SIEMENS,2021.0,1422.0,-2389.0,-502.0,-1469.0,3811.0
SIEMENS,2022.0,978.0,-34.0,-392.0,552.0,1012.0
SIEMENS,2023.0,1400.0,-759.0,-450.0,191.0,2159.0
SIEMENS,2024.0,1670.0,-502.0,-523.0,644.0,2172.0
SUNPHARMA,2013.0,3357.0,-2375.0,-665.0,316.0,5732.0
SUNPHARMA,2014.0,3959.0,-2176.0,507.0,2290.0,6135.0
SUNPHARMA,2015.0,5616.0,-1502.0,-1187.0,2927.0,7118.0
SUNPHARMA,2016.0,6686.0,-3949.0,-1889.0,848.0,10635.0
SUNPHARMA,2017.0,7082.0,-4186.0,-2285.0,611.0,11268.0
SUNPHARMA,2018.0,3907.0,-3104.0,-1539.0,-736.0,7011.0
SUNPHARMA,2019.0,2196.0,-310.0,-2731.0,-844.0,2506.0
SUNPHARMA,2020.0,6555.0,-2225.0,-5715.0,-1386.0,8780.0
SUNPHARMA,2021.0,6170.0,407.0,-5980.0,596.0,5763.0
SUNPHARMA,2022.0,8985.0,-5556.0,-5193.0,-1765.0,14541.0
SUNPHARMA,2023.0,4959.0,-7220.0,2376.0,115.0,12179.0
SUNPHARMA,2024.0,12135.0,-763.0,-6710.0,4662.0,12898.0
TATACONSUM,2013.0,173.0,24.0,186.0,383.0,149.0
TATACONSUM,2014.0,422.0,-1.0,-363.0,57.0,423.0
TATACONSUM,2015.0,418.0,-207.0,-392.0,-182.0,625.0
TATACONSUM,2016.0,116.0,145.0,-282.0,-21.0,-29.0
TATACONSUM,2017.0,741.0,145.0,-816.0,70.0,596.0
TATACONSUM,2018.0,356.0,-31.0,-30.0,294.0,387.0
TATACONSUM,2019.0,210.0,53.0,-224.0,39.0,157.0
TATACONSUM,2020.0,1082.0,-622.0,-308.0,152.0,1704.0
TATACONSUM,2021.0,1656.0,-346.0,-426.0,884.0,2002.0
TATACONSUM,2022.0,1516.0,-1317.0,-995.0,-796.0,2833.0
TATACONSUM,2023.0,1461.0,-834.0,-714.0,-87.0,2295.0
TATACONSUM,2024.0,1937.0,-1911.0,256.0,281.0,3848.0
TATAMOTORS,2013.0,22163.0,-22969.0,-1692.0,-2499.0,45132.0
TATAMOTORS,2014.0,36151.0,-27991.0,-3883.0,4277.0,64142.0
TATAMOTORS,2015.0,35531.0,-36232.0,5201.0,4500.0,71763.0
TATAMOTORS,2016.0,37900.0,-36694.0,-3795.0,-2589.0,74594.0
TATAMOTORS,2017.0,30199.0,-39571.0,6205.0,-3167.0,69770.0
TATAMOTORS,2018.0,23857.0,-25139.0,2012.0,730.0,48996.0
TATAMOTORS,2019.0,18891.0,-20878.0,8830.0,6843.0,39769.0
TATAMOTORS,2020.0,26633.0,-33115.0,3390.0,-3092.0,59748.0
TATAMOTORS,2021.0,29001.0,-25672.0,9904.0,13232.0,54673.0
TATAMOTORS,2022.0,14283.0,-4444.0,-3380.0,6459.0,18727.0
TATAMOTORS,2023.0,35388.0,-15417.0,-26243.0,-6272.0,50805.0
TATAMOTORS,2024.0,67915.0,-22782.0,-37006.0,8128.0,90697.0
TATAPOWER,2013.0,3286.0,-4026.0,-593.0,-1333.0,7312.0
TATAPOWER,2014.0,6483.0,-3609.0,-3265.0,-392.0,10092.0
TATAPOWER,2015.0,5981.0,-3865.0,-2239.0,-123.0,9846.0
TATAPOWER,2016.0,7415.0,-1805.0,-6183.0,-574.0,9220.0
TATAPOWER,2017.0,7014.0,-7373.0,937.0,579.0,14387.0
TATAPOWER,2018.0,6364.0,-1512.0,-4726.0,126.0,7876.0
TATAPOWER,2019.0,4574.0,-272.0,-5184.0,-883.0,4846.0
TATAPOWER,2020.0,7375.0,-493.0,-5110.0,1773.0,7868.0
TATAPOWER,2021.0,8345.0,993.0,-7603.0,1736.0,7352.0
TATAPOWER,2022.0,6693.0,-6250.0,-1183.0,-741.0,12943.0
TATAPOWER,2023.0,7166.0,-7263.0,1341.0,1243.0,14429.0
TATAPOWER,2024.0,12596.0,-9027.0,-4497.0,-928.0,21623.0
TATASTEEL,2013.0,14035.0,-13099.0,-1780.0,-844.0,27134.0
TATASTEEL,2014.0,13146.0,-15378.0,1015.0,-1218.0,28524.0
TATASTEEL,2015.0,11880.0,-9021.0,-2617.0,241.0,20901.0
TATASTEEL,2016.0,11455.0,-8794.0,-4729.0,-2068.0,20249.0
TATASTEEL,2017.0,10824.0,-9490.0,-2579.0,-1245.0,20314.0
TATASTEEL,2018.0,8023.0,-11730.0,6640.0,2933.0,19753.0
TATASTEEL,2019.0,25336.0,-29176.0,-673.0,-4513.0,54512.0
TATASTEEL,2020.0,20169.0,-14012.0,-1695.0,4462.0,34181.0
TATASTEEL,2021.0,44327.0,-9437.0,-37090.0,-2200.0,53764.0
TATASTEEL,2022.0,44381.0,-10905.0,-23401.0,10075.0,55286.0
TATASTEEL,2023.0,21683.0,-18179.0,-6981.0,-3477.0,39862.0
TATASTEEL,2024.0,20301.0,-14253.0,-11097.0,-5049.0,34554.0
TCS,2013.0,11615.0,-6038.0,-5729.0,-152.0,17653.0
TCS,2014.0,14751.0,-9452.0,-5673.0,-374.0,24203.0
TCS,2015.0,19369.0,-1807.0,-17168.0,394.0,21176.0
TCS,2016.0,19109.0,-5010.0,-9666.0,4433.0,24119.0
TCS,2017.0,25223.0,-16895.0,-11026.0,-2698.0,42118.0
TCS,2018.0,25067.0,3104.0,-26885.0,1286.0,21963.0
TCS,2019.0,28593.0,1645.0,-27897.0,2341.0,26948.0
TCS,2020.0,32369.0,8968.0,-39915.0,1422.0,23401.0
TCS,2021.0,38802.0,-7956.0,-32634.0,-1788.0,46758.0
TCS,2022.0,39949.0,-738.0,-33581.0,5630.0,40687.0
TCS,2023.0,41965.0,548.0,-47878.0,-5365.0,41417.0
TCS,2024.0,44338.0,6091.0,-48536.0,1893.0,38247.0
TECHM,2013.0,855.0,-622.0,65.0,298.0,1477.0
TECHM,2014.0,1596.0,291.0,-972.0,915.0,1305.0
TECHM,2015.0,2448.0,-1865.0,-829.0,-246.0,4313.0
TECHM,2016.0,3137.0,-1453.0,-496.0,1188.0,4590.0
TECHM,2017.0,4071.0,-2893.0,-1571.0,-392.0,6964.0
TECHM,2018.0,3554.0,-3319.0,-269.0,-35.0,6873.0
TECHM,2019.0,4432.0,-2104.0,-2251.0,77.0,6536.0
TECHM,2020.0,4358.0,1081.0,-4466.0,974.0,3277.0
TECHM,2021.0,8094.0,-5433.0,-2987.0,-326.0,13527.0
TECHM,2022.0,5285.0,480.0,-4667.0,1098.0,4805.0
TECHM,2023.0,5572.0,-226.0,-5078.0,267.0,5798.0
TECHM,2024.0,6376.0,-1318.0,-4767.0,291.0,7694.0
TITAN,2013.0,553.0,-142.0,-236.0,176.0,695.0
TITAN,2014.0,-555.0,-271.0,497.0,-329.0,-284.0
TITAN,2015.0,503.0,-118.0,-1005.0,-620.0,621.0
TITAN,2016.0,576.0,-159.0,-505.0,-88.0,735.0
TITAN,2017.0,1712.0,-953.0,-166.0,594.0,2665.0
TITAN,2018.0,-51.0,98.0,-252.0,-206.0,-149.0
TITAN,2019.0,1243.0,-797.0,-489.0,-43.0,2040.0
TITAN,2020.0,-348.0,235.0,-242.0,-355.0,-583.0
TITAN,2021.0,4139.0,-2799.0,-1234.0,106.0,6938.0
TITAN,2022.0,-724.0,1165.0,-403.0,38.0,-1889.0
TITAN,2023.0,1370.0,-1814.0,457.0,13.0,3184.0
TITAN,2024.0,1695.0,-189.0,-1329.0,177.0,1884.0
TORNTPHARM,2013.0,153.0,-247.0,20.0,-73.0,400.0
TORNTPHARM,2014.0,599.0,-418.0,86.0,268.0,1017.0
TORNTPHARM,2015.0,810.0,-2113.0,1212.0,-90.0,2923.0
TORNTPHARM,2016.0,2742.0,-869.0,-1435.0,437.0,3611.0
TORNTPHARM,2017.0,1009.0,-798.0,-193.0,18.0,1807.0
TORNTPHARM,2018.0,894.0,-4677.0,3417.0,-366.0,5571.0
TORNTPHARM,2019.0,1798.0,-246.0,-1314.0,238.0,2044.0
TORNTPHARM,2020.0,1393.0,229.0,-1549.0,73.0,1164.0
TORNTPHARM,2021.0,2005.0,-444.0,-1651.0,-89.0,2449.0
TORNTPHARM,2022.0,1803.0,-196.0,-1781.0,-174.0,1999.0
TORNTPHARM,2023.0,2368.0,-2335.0,77.0,110.0,4703.0
TORNTPHARM,2024.0,3266.0,-160.0,-2780.0,327.0,3426.0
TRENT,2013.0,31.0,-276.0,147.0,-97.0,307.0
TRENT,2014.0,-46.0,-48.0,-50.0,-145.0,2.0
TRENT,2015.0,-10.0,-306.0,310.0,-6.0,296.0
TRENT,2016.0,109.0,-98.0,-13.0,-2.0,207.0
TRENT,2017.0,102.0,-44.0,-51.0,7.0,146.0
TRENT,2018.0,77.0,-4.0,-74.0,-1.0,81.0
TRENT,2019.0,21.0,-37.0,37.0,21.0,58.0
TRENT,2020.0,361.0,-809.0,452.0,5.0,1170.0
TRENT,2021.0,285.0,18.0,-283.0,20.0,267.0
TRENT,2022.0,58.0,56.0,-108.0,6.0,2.0
TRENT,2023.0,595.0,-103.0,-491.0,1.0,698.0
TRENT,2024.0,1349.0,-508.0,-629.0,211.0,1857.0
TVSMOTOR,2013.0,464.0,-120.0,-402.0,-58.0,584.0
TVSMOTOR,2014.0,470.0,-235.0,-216.0,19.0,705.0
TVSMOTOR,2015.0,83.0,-415.0,261.0,-71.0,498.0
TVSMOTOR,2016.0,936.0,-605.0,-319.0,12.0,1541.0
TVSMOTOR,2017.0,689.0,-709.0,-59.0,-79.0,1398.0
TVSMOTOR,2018.0,354.0,-1095.0,897.0,156.0,1449.0
TVSMOTOR,2019.0,-918.0,-1104.0,2210.0,188.0,186.0
TVSMOTOR,2020.0,373.0,-1090.0,1619.0,902.0,1463.0
TVSMOTOR,2021.0,1151.0,-882.0,264.0,532.0,2033.0
TVSMOTOR,2022.0,-1575.0,-1471.0,2918.0,532.0,-104.0
TVSMOTOR,2023.0,-4405.0,-1308.0,6118.0,406.0,-3097.0
TVSMOTOR,2024.0,-1253.0,-1001.0,2759.0,505.0,-252.0
ULTRACEMCO,2013.0,3618.0,-4362.0,715.0,-30.0,7980.0
ULTRACEMCO,2014.0,3455.0,-2342.0,-949.0,164.0,5797.0
ULTRACEMCO,2015.0,4190.0,-2144.0,-2110.0,-63.0,6334.0
ULTRACEMCO,2016.0,4526.0,-3673.0,-844.0,8.0,8199.0
ULTRACEMCO,2017.0,5005.0,-2501.0,-2535.0,-31.0,7506.0
ULTRACEMCO,2018.0,3888.0,1866.0,-5735.0,18.0,2022.0
ULTRACEMCO,2019.0,5956.0,1165.0,-6757.0,364.0,4791.0
ULTRACEMCO,2020.0,8972.0,-4192.0,-5076.0,-295.0,13164.0
ULTRACEMCO,2021.0,12500.0,-8856.0,-4356.0,-712.0,21356.0
ULTRACEMCO,2022.0,9283.0,2257.0,-12498.0,-958.0,7026.0
ULTRACEMCO,2023.0,9069.0,-7188.0,-1631.0,250.0,16257.0
ULTRACEMCO,2024.0,10898.0,-8789.0,-1926.0,183.0,19687.0
UNIONBANK,2013.0,-4245.0,-343.0,5096.0,507.0,-3902.0
UNIONBANK,2014.0,2570.0,-363.0,4902.0,7109.0,2933.0
UNIONBANK,2015.0,-3567.0,-318.0,3168.0,-718.0,-3249.0
UNIONBANK,2016.0,81.0,-9.0,-2.0,70.0,90.0
UNIONBANK,2017.0,-6624.0,-280.0,10194.0,3289.0,-6344.0
UNIONBANK,2018.0,6097.0,-315.0,10792.0,16574.0,6412.0
UNIONBANK,2019.0,-7778.0,-297.0,1758.0,-6317.0,-7481.0
UNIONBANK,2020.0,-77.0,-4.0,201.0,121.0,-73.0
UNIONBANK,2021.0,20527.0,-601.0,-18861.0,1066.0,21128.0
UNIONBANK,2022.0,36339.0,-558.0,-786.0,34995.0,36897.0
UNIONBANK,2023.0,6056.0,-2561.0,-10654.0,-7159.0,8617.0
UNIONBANK,2024.0,19930.0,-1394.0,-11489.0,7047.0,21324.0
UNITDSPR,2013.0,1969.0,-1121.0,-992.0,-145.0,3090.0
UNITDSPR,2014.0,-552.0,-252.0,1235.0,431.0,-300.0
UNITDSPR,2015.0,-196.0,3855.0,-4002.0,-343.0,-4051.0
UNITDSPR,2016.0,283.0,733.0,-1155.0,-139.0,-450.0
UNITDSPR,2017.0,647.0,-227.0,-475.0,-56.0,874.0
UNITDSPR,2018.0,925.0,104.0,-966.0,63.0,821.0
UNITDSPR,2019.0,948.0,-66.0,-808.0,74.0,1014.0
UNITDSPR,2020.0,783.0,-194.0,-740.0,-150.0,977.0
UNITDSPR,2021.0,1818.0,-99.0,-1707.0,12.0,1917.0
UNITDSPR,2022.0,977.0,-313.0,-688.0,-23.0,1290.0
UNITDSPR,2023.0,615.0,-55.0,-500.0,60.0,670.0
UNITDSPR,2024.0,1118.0,226.0,-407.0,937.0,892.0
VBL,2012.0,280.0,-507.0,229.0,3.0,787.0
VBL,2013.0,297.0,-574.0,274.0,-2.0,871.0
VBL,2014.0,431.0,-500.0,58.0,-11.0,931.0
VBL,2015.0,555.0,-300.0,-236.0,19.0,855.0
VBL,2016.0,826.0,-1048.0,230.0,8.0,1874.0
VBL,2017.0,620.0,-746.0,159.0,32.0,1366.0
VBL,2018.0,1000.0,-937.0,-84.0,-22.0,1937.0
VBL,2019.0,1308.0,-2320.0,1107.0,95.0,3628.0
VBL,2020.0,1012.0,-472.0,-574.0,-33.0,1484.0
VBL,2021.0,1231.0,-1008.0,-178.0,46.0,2239.0
VBL,2022.0,1790.0,-1769.0,-18.0,4.0,3559.0
VBL,2023.0,2391.0,-3288.0,985.0,88.0,5679.0
VEDL,2013.0,22.0,-311.0,238.0,-51.0,333.0
VEDL,2014.0,15601.0,-2890.0,-5052.0,7659.0,18491.0
VEDL,2015.0,17805.0,-4133.0,-13956.0,-284.0,21938.0
VEDL,2016.0,20377.0,-7868.0,-11303.0,1206.0,28245.0
VEDL,2017.0,18083.0,2681.0,-12425.0,8339.0,15402.0
VEDL,2018.0,17366.0,15480.0,-39255.0,-6409.0,1886.0
VEDL,2019.0,23754.0,-10594.0,-10242.0,2918.0,34348.0
VEDL,2020.0,19300.0,-5925.0,-15547.0,-2172.0,25225.0
VEDL,2021.0,23980.0,-6678.0,-17565.0,-263.0,30658.0
VEDL,2022.0,34963.0,-2243.0,-28903.0,3817.0,37206.0
VEDL,2023.0,33065.0,-668.0,-34142.0,-1745.0,33733.0
VEDL,2024.0,35654.0,-13676.0,-26092.0,-4114.0,49330.0
WIPRO,2013.0,6394.0,-4536.0,-1140.0,717.0,10930.0
WIPRO,2014.0,6790.0,-284.0,-3570.0,2936.0,7074.0
WIPRO,2015.0,7840.0,-2537.0,-830.0,4474.0,10377.0
WIPRO,2016.0,7887.0,-13761.0,-159.0,-6032.0,21648.0
WIPRO,2017.0,9277.0,-11770.0,-2275.0,-4767.0,21047.0
WIPRO,2018.0,8423.0,3595.0,-12998.0,-979.0,4828.0
WIPRO,2019.0,11632.0,5065.0,-4937.0,11760.0,6567.0
WIPRO,2020.0,10064.0,3593.0,-15100.0,-1442.0,6471.0
WIPRO,2021.0,14755.0,685.0,-12884.0,2556.0,14070.0
WIPRO,2022.0,11080.0,-22321.0,4659.0,-6583.0,33401.0
WIPRO,2023.0,13060.0,-8169.0,-6088.0,-1197.0,21229.0
WIPRO,2024.0,17622.0,1144.0,-18257.0,509.0,16478.0
ZOMATO,2020.0,-2144.0,1740.0,359.0,-45.0,-3884.0
ZOMATO,2021.0,-1018.0,-5245.0,6402.0,139.0,4227.0
ZOMATO,2022.0,-693.0,-7971.0,8750.0,86.0,7278.0
ZOMATO,2023.0,-844.0,797.0,-127.0,-174.0,-1641.0
ZOMATO,2024.0,646.0,-348.0,-207.0,91.0,994.0
ZYDUSLIFE,2013.0,603.0,-682.0,286.0,207.0,1285.0
ZYDUSLIFE,2014.0,903.0,-438.0,-529.0,-64.0,1341.0
ZYDUSLIFE,2015.0,994.0,-465.0,-351.0,178.0,1459.0
ZYDUSLIFE,2016.0,1894.0,-860.0,-935.0,99.0,2754.0
ZYDUSLIFE,2017.0,1312.0,-2872.0,2316.0,756.0,4184.0
ZYDUSLIFE,2018.0,919.0,-974.0,52.0,-3.0,1893.0
ZYDUSLIFE,2019.0,1282.0,-3977.0,1885.0,-811.0,5259.0
ZYDUSLIFE,2020.0,2932.0,-1004.0,-1528.0,399.0,3936.0
ZYDUSLIFE,2021.0,3294.0,-837.0,-2548.0,-90.0,4131.0
ZYDUSLIFE,2022.0,2104.0,-1018.0,-868.0,219.0,3122.0
ZYDUSLIFE,2023.0,2689.0,1542.0,-4400.0,-170.0,1147.0
ZYDUSLIFE,2024.0,3228.0,-1492.0,-1810.0,-75.0,4720.0
